ANMOIS;APT;FSC;ZON;CAT;MVT;PAX;PEQ;CO2;NOX;COVNM;TSP
201301;LFBD;LC;I;B;9;1454;1454;0,010;0,045;0,001;0,002
201301;LFBD;LC;I;C;4;1255;1255;0,007;0,019;0,001;0,001
201301;LFBD;MC;I;A;134;4549;4549;0,056;0,193;0,016;0,009
201301;LFBD;MC;I;B;795;78920;79092;0,722;3,060;0,172;0,115
201301;LFBD;MC;I;C;2;0;84;0,003;0,017;0,001;0,001
201301;LFBD;CC;M;B;953;115944;120954;1,012;5,239;0,233;0,161
201301;LFBD;CC;M;A;626;17233;17235;0,226;0,755;0,045;0,036
201301;LFBD;CC;M;B;763;72414;72448;0,638;2,564;0,241;0,101
201301;LFBD;CC;M;C;95;1441;6655;0,179;1,060;0,061;0,028
201301;LFBO;LC;I;A;2;8;8;0,001;0,003;0,000;0,000
201301;LFBO;LC;I;B;8;1211;1211;0,010;0,045;0,001;0,002
201301;LFBO;LC;I;C;8;1576;3676;0,043;0,295;0,007;0,007
201301;LFBO;MC;I;A;798;32887;33196;0,313;0,956;0,140;0,050
201301;LFBO;MC;I;B;1763;150568;153787;1,310;5,135;0,474;0,208
201301;LFBO;MC;I;C;144;3698;27255;0,315;1,636;0,206;0,050
201301;LFBO;CC;M;A;39;72;813;0,008;0,022;0,014;0,001
201301;LFBO;CC;M;B;2138;246372;255962;2,068;9,021;0,622;0,328
201301;LFBO;CC;M;C;8;0;385;0,021;0,149;0,010;0,003
201301;LFBO;CC;M;A;874;24251;24255;0,221;0,677;0,216;0,035
201301;LFBO;CC;M;B;822;69266;70134;0,678;2,702;0,258;0,108
201301;LFBO;CC;M;C;111;2913;16726;0,219;1,156;0,150;0,035
201301;LFLL;LC;I;B;10;1813;1813;0,013;0,062;0,001;0,002
201301;LFLL;LC;I;C;54;10710;13544;0,250;1,425;0,010;0,040
201301;LFLL;MC;I;A;1894;75660;76845;0,737;2,327;0,179;0,117
201301;LFLL;MC;I;B;2607;254418;258731;2,167;8,518;0,596;0,344
201301;LFLL;MC;I;C;108;3010;20462;0,217;1,153;0,098;0,035
201301;LFLL;LC;O;C;6;2464;2485;0,028;0,208;0,013;0,005
201301;LFLL;CC;M;A;192;8262;8985;0,055;0,175;0,087;0,009
201301;LFLL;CC;M;B;398;37505;40787;0,377;1,726;0,110;0,060
201301;LFLL;CC;M;C;9;271;271;0,024;0,143;0,004;0,004
201301;LFLL;CC;M;A;1837;58801;58823;0,684;2,193;0,544;0,109
201301;LFLL;CC;M;B;1556;132190;133000;1,209;4,531;0,420;0,192
201301;LFLL;CC;M;C;59;740;3992;0,125;0,745;0,069;0,020
201301;LFML;LC;I;A;3;15;15;0,001;0,003;0,001;0,000
201301;LFML;LC;I;B;14;1630;1630;0,016;0,063;0,002;0,003
201301;LFML;LC;I;C;18;4662;4773;0,052;0,304;0,012;0,008
201301;LFML;MC;I;A;957;30276;33354;0,346;1,089;0,229;0,055
201301;LFML;MC;I;B;2440;213995;215773;2,385;9,844;0,598;0,379
201301;LFML;MC;I;C;122;361;13280;0,237;1,175;0,090;0,038
201301;LFML;LC;O;C;26;8134;8225;0,086;0,566;0,021;0,014
201301;LFML;CC;M;A;45;9;2160;0,013;0,042;0,027;0,002
201301;LFML;CC;M;B;1213;121138;128412;1,232;4,955;0,369;0,196
201301;LFML;CC;M;C;46;60;7931;0,091;0,584;0,004;0,014
201301;LFML;CC;M;A;1023;20848;23134;0,249;0,761;0,410;0,040
201301;LFML;CC;M;B;1315;105809;113752;1,297;5,191;0,375;0,206
201301;LFML;CC;M;C;81;1314;1577;0,161;0,921;0,081;0,026
201301;LFMN;LC;I;A;16;76;76;0,007;0,022;0,002;0,001
201301;LFMN;LC;I;B;2;40;40;0,001;0,003;0,000;0,000
201301;LFMN;LC;I;C;70;18518;22118;0,247;1,705;0,026;0,039
201301;LFMN;MC;I;A;2315;26366;26454;0,402;1,031;1,200;0,064
201301;LFMN;MC;I;B;2656;248326;249296;2,215;8,986;0,643;0,352
201301;LFMN;MC;I;C;39;2418;2834;0,085;0,565;0,072;0,014
201301;LFMN;CC;M;A;40;7;814;0,010;0,033;0,019;0,002
201301;LFMN;CC;M;B;1699;204415;208212;1,662;7,225;0,427;0,264
201301;LFMN;CC;M;A;1109;33210;33212;0,310;1,030;0,403;0,049
201301;LFMN;CC;M;B;645;61744;61746;0,557;2,297;0,230;0,088
201301;LFMN;CC;M;C;29;0;1282;0,045;0,273;0,008;0,007
201301;LFOB;MC;I;B;1757;224476;224477;1,935;8,223;0,295;0,307
201301;LFOB;CC;M;B;117;10664;10664;0,130;0,543;0,019;0,021
201301;LFPG;LC;I;A;2;0;0;0,001;0,003;0,002;0,000
201301;LFPG;LC;I;B;242;22981;24157;0,333;1,241;0,106;0,053
201301;LFPG;LC;I;C;7348;1694526;2697663;33,161;192,266;17,434;5,264
201301;LFPG;MC;I;A;4879;215936;229997;2,322;6,559;1,170;0,369
201301;LFPG;MC;I;B;17625;1816075;1885941;20,802;76,884;9,809;3,302
201301;LFPG;MC;I;C;1690;133726;517233;5,423;27,795;2,565;0,861
201301;LFPG;LC;O;C;167;55692;67034;0,747;4,924;0,417;0,119
201301;LFPG;CC;M;A;1167;42966;61246;0,633;1,742;0,465;0,101
201301;LFPG;CC;M;B;3586;344577;432678;4,352;15,885;1,816;0,691
201301;LFPG;CC;M;C;166;329;28790;0,371;1,973;0,118;0,059
201301;LFPO;LC;I;A;1;5;5;0,001;0,004;0,000;0,000
201301;LFPO;LC;I;B;65;9178;9234;0,082;0,358;0,019;0,013
201301;LFPO;LC;I;C;268;62314;71866;0,826;4,343;0,150;0,131
201301;LFPO;MC;I;A;602;17192;17193;0,173;0,389;0,243;0,027
201301;LFPO;MC;I;B;6387;753313;768341;6,792;29,145;1,863;1,078
201301;LFPO;MC;I;C;181;35677;43626;0,534;3,023;0,430;0,085
201301;LFPO;LC;O;C;771;273780;311197;3,043;18,438;0,948;0,483
201301;LFPO;CC;M;A;2242;67151;67165;0,729;2,143;0,620;0,116
201301;LFPO;CC;M;B;6431;690893;692740;6,294;26,427;1,759;0,999
201301;LFPO;CC;M;C;1;120;120;0,002;0,005;0,000;0,000
201301;LFRS;LC;I;B;18;3074;3074;0,022;0,113;0,002;0,003
201301;LFRS;LC;I;C;8;2619;2619;0,026;0,138;0,004;0,004
201301;LFRS;MC;I;A;507;17151;17152;0,189;0,615;0,086;0,030
201301;LFRS;MC;I;B;562;61428;61553;0,553;2,362;0,089;0,088
201301;LFRS;MC;I;C;47;0;5675;0,088;0,477;0,020;0,014
201301;LFRS;LC;O;C;6;742;743;0,026;0,203;0,009;0,004
201301;LFRS;CC;M;A;180;6570;6571;0,039;0,070;0,066;0,006
201301;LFRS;CC;M;B;261;25406;25442;0,226;1,102;0,054;0,036
201301;LFRS;CC;M;A;661;21129;21141;0,251;0,834;0,088;0,040
201301;LFRS;CC;M;B;970;84560;84560;0,764;3,060;0,163;0,121
201301;LFRS;CC;M;C;42;0;377;0,063;0,369;0,012;0,010
201301;LFSB;LC;I;A;4;11;11;0,002;0,009;0,000;0,000
201301;LFSB;LC;I;B;8;1300;1300;0,009;0,047;0,001;0,001
201301;LFSB;LC;I;C;20;3129;7396;0,066;0,409;0,069;0,011
201301;LFSB;MC;I;A;1521;40802;45117;0,322;0,899;0,264;0,051
201301;LFSB;MC;I;B;2117;247181;251225;1,770;6,906;0,571;0,281
201301;LFSB;MC;I;C;72;1949;12592;0,142;0,805;0,039;0,023
201301;LFSB;CC;M;A;237;12919;12934;0,119;0,385;0,013;0,019
201301;LFSB;CC;M;B;205;10952;10952;0,128;0,419;0,015;0,020
201301;LFSB;CC;M;C;64;0;8320;0,099;0,720;0,004;0,016
201301;LFSB;CC;M;A;221;2259;2259;0,031;0,099;0,027;0,005
201301;LFSB;CC;M;B;133;16265;16265;0,124;0,479;0,045;0,020
201302;LFBD;LC;I;B;9;1756;1756;0,010;0,056;0,001;0,002
201302;LFBD;LC;I;C;4;1211;1211;0,007;0,019;0,001;0,001
201302;LFBD;MC;I;A;136;4957;5021;0,063;0,208;0,013;0,010
201302;LFBD;MC;I;B;730;77264;77454;0,656;2,741;0,159;0,104
201302;LFBD;CC;M;A;1;33;33;0,000;0,001;0,000;0,000
201302;LFBD;CC;M;B;1039;118880;123387;1,112;5,759;0,243;0,176
201302;LFBD;CC;M;A;683;17017;17017;0,236;0,791;0,050;0,038
201302;LFBD;CC;M;B;730;75033;75054;0,627;2,526;0,215;0,100
201302;LFBD;CC;M;C;88;1322;5977;0,165;0,990;0,053;0,026
201302;LFBO;LC;I;A;2;5;5;0,001;0,002;0,001;0,000
201302;LFBO;LC;I;B;11;1587;1587;0,014;0,064;0,002;0,002
201302;LFBO;LC;I;C;4;1357;1357;0,017;0,117;0,002;0,003
201302;LFBO;MC;I;A;783;34754;34890;0,321;1,001;0,098;0,051
201302;LFBO;MC;I;B;1729;157546;160468;1,261;4,936;0,425;0,200
201302;LFBO;MC;I;C;127;1832;25045;0,284;1,441;0,196;0,045
201302;LFBO;CC;M;A;32;0;673;0,006;0,017;0,010;0,001
201302;LFBO;CC;M;B;2183;249013;258047;2,101;9,273;0,539;0,333
201302;LFBO;CC;M;C;9;0;449;0,023;0,168;0,011;0,004
201302;LFBO;CC;M;A;763;20944;20944;0,177;0,536;0,195;0,028
201302;LFBO;CC;M;B;904;75347;76542;0,713;2,813;0,248;0,113
201302;LFBO;CC;M;C;78;1322;12610;0,138;0,641;0,106;0,022
201302;LFLL;LC;I;B;10;1682;1682;0,012;0,055;0,002;0,002
201302;LFLL;LC;I;C;49;10959;14487;0,221;1,291;0,011;0,035
201302;LFLL;MC;I;A;1908;77600;79563;0,757;2,384;0,194;0,120
201302;LFLL;MC;I;B;2479;253226;256841;2,005;7,860;0,575;0,318
201302;LFLL;MC;I;C;94;1899;16717;0,188;0,950;0,086;0,030
201302;LFLL;CC;M;A;180;7899;8612;0,051;0,162;0,078;0,008
201302;LFLL;CC;M;B;367;35879;38928;0,352;1,664;0,091;0,056
201302;LFLL;CC;M;C;8;187;187;0,023;0,137;0,003;0,004
201302;LFLL;CC;M;A;1876;58494;58515;0,702;2,276;0,550;0,111
201302;LFLL;CC;M;B;1581;133351;134833;1,229;4,653;0,427;0,195
201302;LFLL;CC;M;C;43;0;2684;0,088;0,477;0,067;0,014
201302;LFML;LC;I;A;3;14;14;0,001;0,003;0,001;0,000
201302;LFML;LC;I;B;14;1561;1561;0,017;0,067;0,002;0,003
201302;LFML;LC;I;C;18;4159;4597;0,058;0,362;0,015;0,009
201302;LFML;MC;I;A;866;30559;33024;0,322;1,009;0,206;0,051
201302;LFML;MC;I;B;2255;208783;211170;2,160;8,902;0,555;0,343
201302;LFML;MC;I;C;116;0;12130;0,228;1,149;0,077;0,036
201302;LFML;LC;O;C;16;3892;4084;0,049;0,273;0,006;0,008
201302;LFML;CC;M;A;42;64;2205;0,013;0,041;0,025;0,002
201302;LFML;CC;M;B;1229;121529;127480;1,249;5,063;0,396;0,198
201302;LFML;CC;M;C;46;232;7469;0,095;0,603;0,007;0,015
201302;LFML;CC;M;A;980;20439;22590;0,244;0,747;0,395;0,039
201302;LFML;CC;M;B;1219;108599;115439;1,218;5,015;0,348;0,193
201302;LFML;CC;M;C;78;0;385;0,138;0,738;0,063;0,022
201302;LFMN;LC;I;A;15;55;55;0,010;0,037;0,002;0,002
201302;LFMN;LC;I;B;2;286;286;0,002;0,009;0,000;0,000
201302;LFMN;LC;I;C;57;16341;22613;0,211;1,423;0,026;0,033
201302;LFMN;MC;I;A;2449;28124;28195;0,422;1,057;1,327;0,067
201302;LFMN;MC;I;B;2550;258105;259099;2,111;8,491;0,628;0,335
201302;LFMN;MC;I;C;36;3586;4016;0,082;0,551;0,064;0,013
201302;LFMN;LC;O;C;3;821;821;0,010;0,067;0,010;0,002
201302;LFMN;CC;M;A;33;0;774;0,008;0,028;0,016;0,001
201302;LFMN;CC;M;B;1747;197935;201330;1,692;7,251;0,448;0,269
201302;LFMN;CC;M;A;1048;30863;30865;0,279;0,912;0,430;0,044
201302;LFMN;CC;M;B;674;69913;69956;0,591;2,398;0,202;0,094
201302;LFMN;CC;M;C;36;0;1370;0,056;0,341;0,010;0,009
201302;LFOB;MC;I;B;1590;213145;213145;1,744;7,473;0,264;0,277
201302;LFOB;CC;M;B;104;11313;11313;0,118;0,515;0,018;0,019
201302;LFPG;LC;I;A;1;5;5;0,000;0,002;0,000;0,000
201302;LFPG;LC;I;B;208;19450;20660;0,291;1,059;0,094;0,046
201302;LFPG;LC;I;C;6672;1493245;2467259;29,938;174,545;15,802;4,752
201302;LFPG;MC;I;A;4669;208873;222723;2,196;6,217;1,123;0,349
201302;LFPG;MC;I;B;17171;1820899;1889675;19,852;73,688;9,178;3,151
201302;LFPG;MC;I;C;1529;108510;476921;4,773;24,381;2,077;0,758
201302;LFPG;LC;O;C;144;48358;58343;0,656;4,307;0,375;0,104
201302;LFPG;CC;M;A;1059;41132;57649;0,574;1,583;0,399;0,091
201302;LFPG;CC;M;B;3382;333147;411999;3,995;14,837;1,589;0,634
201302;LFPG;CC;M;C;164;432;26502;0,360;1,953;0,100;0,057
201302;LFPO;LC;I;B;53;7939;8007;0,070;0,302;0,018;0,011
201302;LFPO;LC;I;C;242;54308;64537;0,669;3,535;0,103;0,106
201302;LFPO;MC;I;A;647;19887;19887;0,188;0,441;0,218;0,030
201302;LFPO;MC;I;B;5808;702318;719752;6,135;26,569;1,608;0,974
201302;LFPO;MC;I;C;89;15298;21684;0,259;1,468;0,255;0,041
201302;LFPO;LC;O;C;698;250239;290372;2,763;16,787;0,864;0,439
201302;LFPO;CC;M;A;2288;71022;71039;0,745;2,223;0,604;0,118
201302;LFPO;CC;M;B;6883;707363;709108;6,668;28,145;1,764;1,058
201302;LFRS;LC;I;B;18;3144;3144;0,023;0,114;0,002;0,004
201302;LFRS;LC;I;C;9;2759;3059;0,027;0,143;0,003;0,004
201302;LFRS;MC;I;A;487;16286;16287;0,178;0,582;0,083;0,028
201302;LFRS;MC;I;B;525;62675;62693;0,524;2,273;0,087;0,083
201302;LFRS;MC;I;C;49;347;6246;0,089;0,501;0,019;0,014
201302;LFRS;CC;M;A;192;6738;6738;0,042;0,073;0,070;0,007
201302;LFRS;CC;M;B;238;25211;25269;0,204;0,986;0,046;0,032
201302;LFRS;CC;M;C;2;189;189;0,003;0,022;0,000;0,000
201302;LFRS;CC;M;A;591;16989;16989;0,216;0,724;0,083;0,034
201302;LFRS;CC;M;B;1033;91314;91316;0,813;3,228;0,155;0,129
201302;LFRS;CC;M;C;40;0;0;0,059;0,348;0,010;0,009
201302;LFSB;LC;I;A;1;3;3;0,000;0,002;0,000;0,000
201302;LFSB;LC;I;B;9;1534;1534;0,010;0,049;0,001;0,002
201302;LFSB;LC;I;C;18;2612;6884;0,070;0,418;0,036;0,011
201302;LFSB;MC;I;A;1420;45051;49024;0,291;0,797;0,238;0,046
201302;LFSB;MC;I;B;2062;263273;267466;1,751;6,774;0,561;0,278
201302;LFSB;MC;I;C;63;1589;12625;0,127;0,728;0,033;0,020
201302;LFSB;CC;M;A;234;13057;13073;0,122;0,387;0,011;0,019
201302;LFSB;CC;M;B;218;11226;11231;0,135;0,443;0,016;0,021
201302;LFSB;CC;M;C;64;0;7170;0,100;0,722;0,005;0,016
201302;LFSB;CC;M;A;241;2384;2384;0,040;0,132;0,031;0,006
201302;LFSB;CC;M;B;156;21066;21066;0,148;0,555;0,047;0,023
201303;LFBD;LC;I;B;11;1742;1742;0,013;0,073;0,002;0,002
201303;LFBD;LC;I;C;5;1643;1643;0,009;0,024;0,001;0,001
201303;LFBD;MC;I;A;149;6516;6690;0,078;0,259;0,009;0,012
201303;LFBD;MC;I;B;907;105060;105255;0,826;3,516;0,198;0,131
201303;LFBD;MC;I;C;2;374;374;0,004;0,022;0,003;0,001
201303;LFBD;CC;M;B;1041;135829;140285;1,119;5,784;0,232;0,178
201303;LFBD;CC;M;A;701;21038;21040;0,266;0,889;0,044;0,042
201303;LFBD;CC;M;B;807;86068;86261;0,683;2,728;0,236;0,108
201303;LFBD;CC;M;C;90;1403;6547;0,172;1,047;0,053;0,027
201303;LFBO;LC;I;A;2;5;5;0,001;0,002;0,000;0,000
201303;LFBO;LC;I;B;12;1943;1943;0,015;0,075;0,002;0,002
201303;LFBO;LC;I;C;5;1193;1433;0,021;0,126;0,004;0,003
201303;LFBO;MC;I;A;778;36085;36167;0,320;0,991;0,113;0,051
201303;LFBO;MC;I;B;2077;208853;212349;1,570;6,142;0,558;0,249
201303;LFBO;MC;I;C;154;4223;30502;0,340;1,745;0,228;0,054
201303;LFBO;LC;O;C;1;0;858;0,006;0,039;0,000;0,001
201303;LFBO;CC;M;A;31;0;673;0,006;0,016;0,010;0,001
201303;LFBO;CC;M;B;2271;280943;290073;2,198;9,637;0,562;0,349
201303;LFBO;CC;M;C;1;0;43;0,003;0,019;0,001;0,000
201303;LFBO;CC;M;A;824;25646;25646;0,202;0,611;0,182;0,032
201303;LFBO;CC;M;B;947;88680;89992;0,777;3,171;0,288;0,123
201303;LFBO;CC;M;C;97;1403;13073;0,178;0,933;0,116;0,028
201303;LFLL;LC;I;B;12;2031;2031;0,016;0,073;0,003;0,003
201303;LFLL;LC;I;C;55;12718;16469;0,249;1,432;0,013;0,040
201303;LFLL;MC;I;A;2076;92336;93557;0,824;2,606;0,212;0,131
201303;LFLL;MC;I;B;2877;313655;318156;2,413;9,593;0,691;0,383
201303;LFLL;MC;I;C;108;4424;22561;0,221;1,166;0,108;0,035
201303;LFLL;LC;O;C;1;119;119;0,002;0,005;0,000;0,000
201303;LFLL;CC;M;A;169;7400;7962;0,044;0,139;0,069;0,007
201303;LFLL;CC;M;B;412;42511;45852;0,392;1,855;0,103;0,062
201303;LFLL;CC;M;C;10;540;540;0,030;0,202;0,010;0,005
201303;LFLL;CC;M;A;1969;69061;69068;0,735;2,411;0,574;0,117
201303;LFLL;CC;M;B;1763;159373;160881;1,364;5,127;0,446;0,216
201303;LFLL;CC;M;C;41;219;3008;0,079;0,466;0,048;0,012
201303;LFML;LC;I;A;1;8;8;0,000;0,002;0,000;0,000
201303;LFML;LC;I;B;13;1039;1039;0,015;0,056;0,002;0,002
201303;LFML;LC;I;C;24;4580;6257;0,078;0,417;0,019;0,012
201303;LFML;MC;I;A;948;36373;39067;0,346;1,086;0,211;0,055
201303;LFML;MC;I;B;2644;260648;262911;2,599;10,661;0,659;0,413
201303;LFML;MC;I;C;125;905;14556;0,245;1,255;0,084;0,039
201303;LFML;LC;O;C;13;3546;3747;0,043;0,258;0,005;0,007
201303;LFML;CC;M;A;45;0;1569;0,013;0,043;0,027;0,002
201303;LFML;CC;M;B;1328;128603;135108;1,351;5,454;0,422;0,214
201303;LFML;CC;M;C;48;109;8237;0,098;0,623;0,005;0,016
201303;LFML;CC;M;A;1006;23420;25792;0,254;0,777;0,422;0,040
201303;LFML;CC;M;B;1361;128186;135904;1,343;5,389;0,403;0,213
201303;LFML;CC;M;C;75;0;348;0,134;0,713;0,061;0,021
201303;LFMN;LC;I;A;12;37;37;0,005;0,018;0,001;0,001
201303;LFMN;LC;I;B;4;25;25;0,004;0,017;0,000;0,001
201303;LFMN;LC;I;C;65;17345;25495;0,256;1,781;0,045;0,041
201303;LFMN;MC;I;A;3249;34208;34268;0,556;1,386;1,851;0,088
201303;LFMN;MC;I;B;3502;372180;373470;2,846;11,389;0,802;0,452
201303;LFMN;MC;I;C;42;3995;4704;0,097;0,646;0,077;0,015
201303;LFMN;LC;O;C;1;269;269;0,002;0,005;0,002;0,000
201303;LFMN;CC;M;A;39;0;956;0,010;0,034;0,019;0,002
201303;LFMN;CC;M;B;1946;239767;243500;1,903;8,254;0,494;0,302
201303;LFMN;CC;M;A;1373;36797;36835;0,345;1,080;0,597;0,055
201303;LFMN;CC;M;B;741;80742;80744;0,653;2,668;0,205;0,104
201303;LFMN;CC;M;C;34;0;1298;0,054;0,324;0,009;0,009
201303;LFOB;MC;I;B;1783;262723;262723;1,952;8,326;0,295;0,310
201303;LFOB;CC;M;A;2;37;37;0,000;0,000;0,000;0,000
201303;LFOB;CC;M;B;114;12904;12904;0,130;0,576;0,020;0,021
201303;LFPG;LC;I;A;2;4;4;0,001;0,004;0,000;0,000
201303;LFPG;LC;I;B;226;21680;22976;0,307;1,117;0,093;0,049
201303;LFPG;LC;I;C;7581;1817566;2952912;33,229;197,035;16,837;5,274
201303;LFPG;MC;I;A;4938;249766;264410;2,261;6,485;1,077;0,359
201303;LFPG;MC;I;B;19351;2296303;2380185;21,946;82,847;9,821;3,484
201303;LFPG;MC;I;C;1718;149978;562212;5,293;27,870;2,215;0,840
201303;LFPG;LC;O;C;167;61921;73924;0,737;4,948;0,377;0,117
201303;LFPG;CC;M;A;1119;43071;60667;0,590;1,639;0,402;0,094
201303;LFPG;CC;M;B;3733;390307;472923;4,334;16,267;1,675;0,688
201303;LFPG;CC;M;C;165;1120;29794;0,378;1,981;0,124;0,060
201303;LFPO;LC;I;B;62;8568;8742;0,078;0,334;0,019;0,012
201303;LFPO;LC;I;C;347;77312;93845;0,950;4,847;0,171;0,151
201303;LFPO;MC;I;A;670;24822;24824;0,207;0,486;0,220;0,033
201303;LFPO;MC;I;B;7101;945683;963365;7,727;33,193;2,087;1,226
201303;LFPO;MC;I;C;144;31277;38462;0,453;2,519;0,402;0,072
201303;LFPO;LC;O;C;753;273875;327123;3,113;18,656;0,990;0,494
201303;LFPO;CC;M;A;2358;76492;76509;0,785;2,343;0,628;0,125
201303;LFPO;CC;M;B;7267;820264;822415;7,115;29,917;1,884;1,129
201303;LFRS;LC;I;B;20;3185;3185;0,025;0,130;0,002;0,004
201303;LFRS;LC;I;C;11;3248;3548;0,034;0,179;0,005;0,005
201303;LFRS;MC;I;A;525;21959;21962;0,196;0,638;0,085;0,031
201303;LFRS;MC;I;B;685;91898;91916;0,692;3,011;0,119;0,110
201303;LFRS;MC;I;C;56;0;6940;0,099;0,519;0,027;0,016
201303;LFRS;CC;M;A;214;7559;7559;0,046;0,080;0,077;0,007
201303;LFRS;CC;M;B;264;30066;30186;0,229;1,121;0,054;0,036
201303;LFRS;CC;M;A;702;24578;24579;0,267;0,892;0,092;0,042
201303;LFRS;CC;M;B;1133;110361;110364;0,910;3,644;0,173;0,144
201303;LFRS;CC;M;C;38;0;0;0,055;0,329;0,009;0,009
201303;LFSB;LC;I;A;4;11;11;0,002;0,007;0,000;0,000
201303;LFSB;LC;I;B;8;1164;1164;0,009;0,045;0,001;0,001
201303;LFSB;LC;I;C;23;3269;7984;0,077;0,478;0,040;0,012
201303;LFSB;MC;I;A;1566;53779;57999;0,304;0,844;0,261;0,048
201303;LFSB;MC;I;B;2459;318514;322455;2,092;8,316;0,689;0,332
201303;LFSB;MC;I;C;73;1803;13707;0,151;0,841;0,045;0,024
201303;LFSB;CC;M;A;253;12413;12433;0,122;0,390;0,021;0,019
201303;LFSB;CC;M;B;242;12672;12676;0,152;0,508;0,022;0,024
201303;LFSB;CC;M;C;61;0;8138;0,094;0,677;0,004;0,015
201303;LFSB;CC;M;A;251;3077;3077;0,044;0,142;0,040;0,007
201303;LFSB;CC;M;B;192;26198;26198;0,176;0,701;0,068;0,028
201304;LFBD;LC;I;C;4;1121;1121;0,007;0,019;0,001;0,001
201304;LFBD;MC;I;A;253;13077;13118;0,103;0,347;0,011;0,016
201304;LFBD;MC;I;B;1088;127352;127462;0,995;4,217;0,231;0,158
201304;LFBD;MC;I;C;1;0;0;0,001;0,004;0,001;0,000
201304;LFBD;CC;M;B;1068;137585;142141;1,139;5,901;0,239;0,181
201304;LFBD;CC;M;A;775;23564;23566;0,285;0,944;0,049;0,045
201304;LFBD;CC;M;B;961;94851;94875;0,762;3,054;0,155;0,121
201304;LFBD;CC;M;C;92;1024;6489;0,171;1,016;0,057;0,027
201304;LFBO;LC;I;B;10;1805;1805;0,012;0,059;0,001;0,002
201304;LFBO;LC;I;C;7;1088;2154;0,027;0,144;0,004;0,004
201304;LFBO;MC;I;A;781;42814;42910;0,322;1,029;0,101;0,051
201304;LFBO;MC;I;B;2142;226985;230289;1,682;6,685;0,556;0,267
201304;LFBO;MC;I;C;128;439;25241;0,284;1,446;0,202;0,045
201304;LFBO;CC;M;A;32;0;683;0,007;0,018;0,012;0,001
201304;LFBO;CC;M;B;2273;281671;290299;2,145;9,361;0,619;0,341
201304;LFBO;CC;M;A;964;32792;32794;0,271;0,851;0,212;0,043
201304;LFBO;CC;M;B;927;87287;88683;0,745;2,999;0,285;0,118
201304;LFBO;CC;M;C;92;1024;13322;0,172;0,906;0,113;0,027
201304;LFLL;LC;I;B;2;334;334;0,002;0,004;0,000;0,000
201304;LFLL;LC;I;C;57;12393;16524;0,245;1,420;0,017;0,039
201304;LFLL;MC;I;A;1942;84824;87632;0,709;2,296;0,228;0,113
201304;LFLL;MC;I;B;3309;374157;378086;2,844;11,314;0,762;0,451
201304;LFLL;MC;I;C;101;2812;20868;0,207;1,124;0,088;0,033
201304;LFLL;CC;M;A;196;8939;9391;0,051;0,167;0,090;0,008
201304;LFLL;CC;M;B;405;39195;42491;0,352;1,509;0,138;0,056
201304;LFLL;CC;M;C;8;321;321;0,023;0,137;0,003;0,004
201304;LFLL;CC;M;A;2022;72680;72695;0,832;2,636;0,456;0,132
201304;LFLL;CC;M;B;1844;160193;161518;1,412;5,372;0,342;0,224
201304;LFLL;CC;M;C;44;0;3030;0,082;0,492;0,049;0,013
201304;LFML;LC;I;A;1;3;3;0,001;0,002;0,000;0,000
201304;LFML;LC;I;B;9;1654;1654;0,012;0,059;0,001;0,002
201304;LFML;LC;I;C;28;6538;7232;0,079;0,423;0,024;0,012
201304;LFML;MC;I;A;882;31417;34909;0,281;0,870;0,215;0,045
201304;LFML;MC;I;B;3202;365247;367255;3,150;13,026;0,847;0,500
201304;LFML;MC;I;C;138;2588;16877;0,273;1,383;0,098;0,043
201304;LFML;LC;O;C;13;4071;4452;0,045;0,281;0,005;0,007
201304;LFML;CC;M;A;51;0;1675;0,015;0,049;0,032;0,002
201304;LFML;CC;M;B;1366;141760;148071;1,331;5,303;0,520;0,211
201304;LFML;CC;M;C;44;57;7531;0,089;0,570;0,004;0,014
201304;LFML;CC;M;A;1148;29849;31621;0,298;0,909;0,490;0,047
201304;LFML;CC;M;B;1480;158509;165973;1,475;6,070;0,451;0,234
201304;LFML;CC;M;C;79;0;391;0,137;0,726;0,067;0,022
201304;LFMN;LC;I;A;22;74;74;0,011;0,036;0,003;0,002
201304;LFMN;LC;I;B;2;9;9;0,003;0,015;0,000;0,000
201304;LFMN;LC;I;C;122;27364;35679;0,380;2,379;0,058;0,060
201304;LFMN;MC;I;A;3367;29843;29875;0,619;1,553;1,998;0,098
201304;LFMN;MC;I;B;5062;533265;534816;4,265;16,894;1,222;0,677
201304;LFMN;MC;I;C;35;1986;3468;0,085;0,530;0,079;0,014
201304;LFMN;CC;M;A;39;257;1245;0,011;0,035;0,022;0,002
201304;LFMN;CC;M;B;2039;252354;255706;2,038;8,647;0,476;0,324
201304;LFMN;CC;M;A;1375;42519;42579;0,367;1,178;0,579;0,058
201304;LFMN;CC;M;B;704;88508;88528;0,686;2,829;0,164;0,109
201304;LFMN;CC;M;C;37;0;1518;0,061;0,369;0,010;0,010
201304;LFOB;MC;I;B;2212;335950;335950;2,415;10,236;0,366;0,383
201304;LFOB;CC;M;B;120;16272;16272;0,138;0,586;0,022;0,022
201304;LFPG;LC;I;A;2;8;8;0,001;0,004;0,001;0,000
201304;LFPG;LC;I;B;218;20014;21225;0,290;1,053;0,085;0,046
201304;LFPG;LC;I;C;7667;1808886;2896692;33,089;196,973;16,725;5,252
201304;LFPG;MC;I;A;4412;237121;250764;1,888;5,412;0,756;0,300
201304;LFPG;MC;I;B;20522;2433808;2514272;22,734;87,031;9,824;3,609
201304;LFPG;MC;I;C;1655;143710;540136;5,076;26,380;1,959;0,806
201304;LFPG;LC;O;C;158;61595;74047;0,667;4,619;0,344;0,106
201304;LFPG;CC;M;A;892;34622;51475;0,381;1,067;0,526;0,061
201304;LFPG;CC;M;B;3779;404461;481859;4,241;15,659;1,881;0,673
201304;LFPG;CC;M;C;164;604;27880;0,363;2,025;0,085;0,058
201304;LFPO;LC;I;B;59;7350;7376;0,070;0,278;0,013;0,011
201304;LFPO;LC;I;C;344;67621;82076;0,880;4,501;0,128;0,140
201304;LFPO;MC;I;A;428;15655;15655;0,096;0,165;0,189;0,015
201304;LFPO;MC;I;B;8016;1070328;1085285;8,704;37,787;2,330;1,382
201304;LFPO;MC;I;C;180;42243;50536;0,556;2,902;0,528;0,088
201304;LFPO;LC;O;C;664;233045;284516;2,681;16,539;0,798;0,426
201304;LFPO;CC;M;A;2461;87529;87550;0,691;2,133;0,851;0,110
201304;LFPO;CC;M;B;7752;873592;875689;7,574;32,266;2,065;1,202
201304;LFRS;LC;I;A;1;1;1;0,000;0,001;0,000;0,000
201304;LFRS;LC;I;B;20;2814;2815;0,024;0,115;0,002;0,004
201304;LFRS;LC;I;C;8;2289;2289;0,026;0,139;0,004;0,004
201304;LFRS;MC;I;A;558;23686;23686;0,197;0,635;0,104;0,031
201304;LFRS;MC;I;B;1035;139887;139897;1,064;4,726;0,185;0,169
201304;LFRS;MC;I;C;55;1090;7511;0,104;0,568;0,022;0,016
201304;LFRS;CC;M;A;176;6760;6760;0,040;0,068;0,073;0,006
201304;LFRS;CC;M;B;277;33609;33677;0,248;1,210;0,081;0,039
201304;LFRS;CC;M;A;676;23971;23972;0,258;0,860;0,095;0,041
201304;LFRS;CC;M;B;1183;117406;117409;0,933;3,738;0,170;0,148
201304;LFRS;CC;M;C;42;0;33;0,062;0,366;0,011;0,010
201304;LFSB;LC;I;A;6;31;31;0,003;0,010;0,001;0,001
201304;LFSB;LC;I;B;10;1639;1639;0,011;0,058;0,002;0,002
201304;LFSB;LC;I;C;20;3227;7094;0,063;0,394;0,028;0,010
201304;LFSB;MC;I;A;1901;75423;79902;0,346;0,952;0,315;0,055
201304;LFSB;MC;I;B;2705;368512;372865;2,400;9,724;0,720;0,381
201304;LFSB;MC;I;C;71;1871;13792;0,165;0,916;0,042;0,026
201304;LFSB;CC;M;A;458;24912;24987;0,117;0,395;0,207;0,019
201304;LFSB;CC;M;B;24;1552;1553;0,017;0,063;0,004;0,003
201304;LFSB;CC;M;C;67;0;8222;0,103;0,762;0,004;0,016
201304;LFSB;CC;M;A;283;3343;3343;0,046;0,153;0,057;0,007
201304;LFSB;CC;M;B;210;28896;28896;0,192;0,757;0,070;0,030
201304;LFSB;CC;M;C;1;0;15;0,001;0,004;0,000;0,000
201305;LFBD;LC;I;C;11;2845;2849;0,023;0,119;0,012;0,004
201305;LFBD;MC;I;A;256;13555;13560;0,099;0,334;0,012;0,016
201305;LFBD;MC;I;B;1209;149773;149865;1,090;4,628;0,243;0,173
201305;LFBD;MC;I;C;3;651;651;0,006;0,030;0,001;0,001
201305;LFBD;CC;M;B;1039;136912;140828;1,113;5,749;0,222;0,177
201305;LFBD;CC;M;C;1;280;280;0,006;0,041;0,000;0,001
201305;LFBD;CC;M;A;689;24115;24170;0,270;0,900;0,042;0,043
201305;LFBD;CC;M;B;1046;103956;103967;0,833;3,387;0,152;0,132
201305;LFBD;CC;M;C;79;545;5314;0,138;0,764;0,057;0,022
201305;LFBO;LC;I;A;2;11;11;0,001;0,005;0,000;0,000
201305;LFBO;LC;I;B;2;227;227;0,003;0,013;0,000;0,000
201305;LFBO;LC;I;C;16;2730;3251;0,042;0,186;0,023;0,007
201305;LFBO;MC;I;A;659;32278;32439;0,223;0,708;0,082;0,035
201305;LFBO;MC;I;B;2457;265033;267821;1,949;7,660;0,617;0,309
201305;LFBO;MC;I;C;139;0;23840;0,309;1,585;0,213;0,049
201305;LFBO;CC;M;A;31;53;680;0,007;0,017;0,012;0,001
201305;LFBO;CC;M;B;2201;273009;280847;2,050;8,801;0,622;0,325
201305;LFBO;CC;M;C;1;0;51;0,003;0,013;0,002;0,000
201305;LFBO;CC;M;A;888;30633;30634;0,249;0,794;0,178;0,040
201305;LFBO;CC;M;B;939;90682;91721;0,770;3,085;0,276;0,122
201305;LFBO;CC;M;C;60;545;10471;0,113;0,561;0,079;0,018
201305;LFLL;LC;I;C;65;11990;15822;0,260;1,458;0,046;0,041
201305;LFLL;MC;I;A;1931;82884;84855;0,702;2,263;0,221;0,111
201305;LFLL;MC;I;B;3719;421639;424872;3,207;12,595;0,814;0,509
201305;LFLL;MC;I;C;102;3160;21436;0,209;1,076;0,099;0,033
201305;LFLL;CC;M;A;191;8027;8460;0,060;0,189;0,073;0,010
201305;LFLL;CC;M;B;412;39285;42144;0,360;1,523;0,148;0,057
201305;LFLL;CC;M;C;1;22;22;0,004;0,029;0,000;0,001
201305;LFLL;CC;M;A;1794;66217;66226;0,747;2,377;0,394;0,119
201305;LFLL;CC;M;B;1769;155301;156462;1,380;5,193;0,336;0,219
201305;LFLL;CC;M;C;47;117;3446;0,097;0,558;0,060;0,015
201305;LFML;LC;I;A;5;35;35;0,002;0,006;0,001;0,000
201305;LFML;LC;I;B;2;234;234;0,003;0,013;0,000;0,000
201305;LFML;LC;I;C;36;8704;9241;0,099;0,531;0,041;0,016
201305;LFML;MC;I;A;929;33515;37228;0,299;0,907;0,250;0,047
201305;LFML;MC;I;B;3353;383267;385243;3,394;14,179;0,869;0,539
201305;LFML;MC;I;C;144;3699;16881;0,291;1,422;0,124;0,046
201305;LFML;LC;O;C;10;3137;3261;0,032;0,194;0,004;0,005
201305;LFML;CC;M;A;37;6;1552;0,011;0,035;0,024;0,002
201305;LFML;CC;M;B;1375;137978;143994;1,338;5,322;0,497;0,212
201305;LFML;CC;M;C;37;53;6915;0,073;0,465;0,003;0,012
201305;LFML;CC;M;A;1129;30361;32524;0,292;0,892;0,482;0,046
201305;LFML;CC;M;B;1547;167912;175763;1,540;6,455;0,438;0,244
201305;LFML;CC;M;C;71;87;512;0,125;0,610;0,076;0,020
201305;LFMN;LC;I;A;46;129;129;0,021;0,069;0,005;0,003
201305;LFMN;LC;I;B;7;75;75;0,008;0,036;0,001;0,001
201305;LFMN;LC;I;C;138;30507;38057;0,418;2,465;0,070;0,066
201305;LFMN;MC;I;A;5443;42326;42333;0,988;2,487;3,195;0,157
201305;LFMN;MC;I;B;5785;640531;641906;4,965;19,702;1,436;0,788
201305;LFMN;MC;I;C;52;3820;4241;0,121;0,771;0,086;0,019
201305;LFMN;CC;M;A;39;57;1115;0,009;0,031;0,018;0,002
201305;LFMN;CC;M;B;2077;283701;286710;2,092;8,914;0,499;0,332
201305;LFMN;CC;M;A;2336;50245;50359;0,483;1,442;1,109;0,077
201305;LFMN;CC;M;B;759;96343;96457;0,739;3,066;0,176;0,117
201305;LFMN;CC;M;C;30;0;1270;0,052;0,323;0,009;0,008
201305;LFOB;MC;I;B;2336;358733;358733;2,564;10,912;0,389;0,407
201305;LFOB;CC;M;B;126;17386;17386;0,143;0,652;0,023;0,023
201305;LFPG;LC;I;A;4;2;2;0,003;0,009;0,002;0,001
201305;LFPG;LC;I;B;215;17840;18955;0,295;1,039;0,090;0,047
201305;LFPG;LC;I;C;8133;1845539;2913996;34,959;205,937;17,858;5,549
201305;LFPG;MC;I;A;4546;242543;255678;1,992;5,698;0,779;0,316
201305;LFPG;MC;I;B;21661;2635871;2712468;24,175;92,246;10,391;3,837
201305;LFPG;MC;I;C;1792;167476;570987;5,593;29,186;2,089;0,888
201305;LFPG;LC;O;C;143;52272;63872;0,616;4,249;0,313;0,098
201305;LFPG;CC;M;A;863;32008;47000;0,360;1,003;0,568;0,057
201305;LFPG;CC;M;B;3925;429161;497776;4,442;16,246;2,040;0,705
201305;LFPG;CC;M;C;156;590;26583;0,335;1,830;0,087;0,053
201305;LFPO;LC;I;B;34;4067;4127;0,039;0,150;0,007;0,006
201305;LFPO;LC;I;C;333;58528;68044;0,798;4,078;0,135;0,127
201305;LFPO;MC;I;A;429;16125;16125;0,095;0,164;0,186;0,015
201305;LFPO;MC;I;B;8848;1205488;1220884;9,660;41,733;2,524;1,533
201305;LFPO;MC;I;C;232;46285;56793;0,641;3,539;0,539;0,102
201305;LFPO;LC;O;C;629;217638;255891;2,439;15,424;0,701;0,387
201305;LFPO;CC;M;A;2314;82619;82635;0,665;2,066;0,753;0,106
201305;LFPO;CC;M;B;7623;914235;916112;7,509;31,857;2,075;1,192
201305;LFRS;LC;I;B;5;668;668;0,005;0,023;0,001;0,001
201305;LFRS;LC;I;C;15;3192;3203;0,027;0,136;0,017;0,004
201305;LFRS;MC;I;A;549;22607;22607;0,187;0,600;0,115;0,030
201305;LFRS;MC;I;B;1417;191454;191457;1,438;6,391;0,230;0,228
201305;LFRS;MC;I;C;52;520;6687;0,094;0,473;0,025;0,015
201305;LFRS;CC;M;A;180;6539;6539;0,039;0,067;0,066;0,006
201305;LFRS;CC;M;B;268;31600;31636;0,237;1,137;0,085;0,038
201305;LFRS;CC;M;C;3;209;209;0,001;0,002;0,000;0,000
201305;LFRS;CC;M;A;630;21964;21964;0,230;0,766;0,088;0,036
201305;LFRS;CC;M;B;1278;130729;130745;1,036;4,214;0,176;0,164
201305;LFRS;CC;M;C;40;169;383;0,062;0,371;0,011;0,010
201305;LFSB;LC;I;A;1;0;0;0,001;0,005;0,000;0,000
201305;LFSB;LC;I;B;2;189;189;0,002;0,011;0,000;0,000
201305;LFSB;LC;I;C;6;0;4117;0,039;0,278;0,018;0,006
201305;LFSB;MC;I;A;1804;71114;75216;0,338;0,935;0,292;0,054
201305;LFSB;MC;I;B;3078;416489;420976;2,759;11,501;0,846;0,438
201305;LFSB;MC;I;C;59;0;11913;0,130;0,697;0,021;0,021
201305;LFSB;CC;M;A;477;22292;22339;0,122;0,412;0,216;0,019
201305;LFSB;CC;M;B;16;1146;1146;0,013;0,056;0,005;0,002
201305;LFSB;CC;M;C;69;0;7945;0,105;0,751;0,005;0,017
201305;LFSB;CC;M;A;291;3127;3133;0,045;0,147;0,047;0,007
201305;LFSB;CC;M;B;223;31213;31213;0,204;0,820;0,078;0,032
201306;LFBD;LC;I;C;14;3404;3418;0,026;0,126;0,017;0,004
201306;LFBD;MC;I;A;240;12599;12604;0,093;0,309;0,015;0,015
201306;LFBD;MC;I;B;1303;156338;156487;1,181;5,055;0,266;0,187
201306;LFBD;CC;M;B;1052;146949;151589;1,141;6,033;0,230;0,181
201306;LFBD;CC;M;C;3;806;806;0,009;0,069;0,003;0,002
201306;LFBD;CC;M;A;726;25209;25211;0,271;0,897;0,043;0,043
201306;LFBD;CC;M;B;933;97225;97227;0,727;2,917;0,140;0,115
201306;LFBD;CC;M;C;76;0;4792;0,126;0,679;0,059;0,020
201306;LFBO;LC;I;A;2;14;14;0,001;0,005;0,000;0,000
201306;LFBO;LC;I;C;24;4391;5545;0,077;0,287;0,048;0,012
201306;LFBO;MC;I;A;664;30072;30685;0,223;0,710;0,091;0,035
201306;LFBO;MC;I;B;2331;252751;254647;1,915;7,277;0,636;0,304
201306;LFBO;MC;I;C;177;0;30046;0,398;2,046;0,263;0,063
201306;LFBO;LC;O;C;1;0;214;0,004;0,008;0,001;0,001
201306;LFBO;CC;M;A;28;0;615;0,006;0,016;0,012;0,001
201306;LFBO;CC;M;B;2201;290604;298908;2,138;9,034;0,653;0,339
201306;LFBO;CC;M;C;5;927;1077;0,021;0,129;0,013;0,003
201306;LFBO;CC;M;A;893;30627;30627;0,255;0,762;0,223;0,040
201306;LFBO;CC;M;B;942;90417;90815;0,801;3,110;0,299;0,127
201306;LFBO;CC;M;C;75;0;12155;0,141;0,701;0,097;0,022
201306;LFLL;LC;I;C;76;13805;17664;0,280;1,540;0,066;0,044
201306;LFLL;MC;I;A;1934;83083;84996;0,730;2,308;0,268;0,116
201306;LFLL;MC;I;B;3488;390783;393024;2,999;11,840;0,830;0,476
201306;LFLL;MC;I;C;127;5017;23900;0,268;1,403;0,141;0,043
201306;LFLL;LC;O;C;1;245;245;0,006;0,041;0,000;0,001
201306;LFLL;CC;M;A;139;5856;6373;0,068;0,207;0,016;0,011
201306;LFLL;CC;M;B;434;41564;44337;0,371;1,549;0,140;0,059
201306;LFLL;CC;M;C;2;511;511;0,006;0,037;0,002;0,001
201306;LFLL;CC;M;A;1901;74222;74290;0,817;2,569;0,411;0,130
201306;LFLL;CC;M;B;1805;167205;167585;1,446;5,527;0,402;0,230
201306;LFLL;CC;M;C;50;0;3520;0,099;0,563;0,059;0,016
201306;LFML;LC;I;A;4;15;15;0,000;0,001;0,001;0,000
201306;LFML;LC;I;C;60;14343;14555;0,164;0,881;0,070;0,026
201306;LFML;MC;I;A;914;32796;36245;0,307;0,954;0,230;0,049
201306;LFML;MC;I;B;3370;388849;391055;3,347;14,004;0,882;0,531
201306;LFML;MC;I;C;139;5022;18683;0,282;1,395;0,115;0,045
201306;LFML;LC;O;C;13;3921;4082;0,044;0,260;0,006;0,007
201306;LFML;CC;M;A;43;0;1629;0,013;0,042;0,028;0,002
201306;LFML;CC;M;B;1356;149589;156393;1,323;5,264;0,485;0,210
201306;LFML;CC;M;C;37;0;6985;0,067;0,411;0,002;0,011
201306;LFML;CC;M;A;1152;34420;36479;0,297;0,910;0,488;0,047
201306;LFML;CC;M;B;1375;154479;162078;1,367;5,721;0,405;0,217
201306;LFML;CC;M;C;74;481;882;0,127;0,614;0,082;0,020
201306;LFMN;LC;I;A;61;255;255;0,030;0,093;0,006;0,005
201306;LFMN;LC;I;B;8;88;88;0,008;0,031;0,002;0,001
201306;LFMN;LC;I;C;139;31234;39081;0,418;2,471;0,063;0,066
201306;LFMN;MC;I;A;4916;46097;46106;0,984;2,561;2,887;0,156
201306;LFMN;MC;I;B;5779;688880;690253;5,084;20,268;1,414;0,807
201306;LFMN;MC;I;C;12;837;934;0,020;0,094;0,008;0,003
201306;LFMN;CC;M;A;33;6;944;0,008;0,027;0,014;0,001
201306;LFMN;CC;M;B;1991;288688;291729;2,022;8,614;0,480;0,321
201306;LFMN;CC;M;C;6;2277;2280;0,026;0,205;0,010;0,004
201306;LFMN;CC;M;A;2546;51715;51856;0,482;1,359;1,270;0,077
201306;LFMN;CC;M;B;733;95002;95013;0,714;2,936;0,172;0,113
201306;LFMN;CC;M;C;34;481;1930;0,058;0,355;0,015;0,009
201306;LFOB;MC;I;A;1;0;0;0,000;0,001;0,000;0,000
201306;LFOB;MC;I;B;2257;344586;344587;2,471;10,553;0,385;0,392
201306;LFOB;CC;M;B;3;0;0;0,004;0,019;0,001;0,001
201306;LFOB;CC;M;A;1;64;64;0,000;0,000;0,000;0,000
201306;LFOB;CC;M;B;112;15444;15444;0,128;0,572;0,021;0,020
201306;LFPG;LC;I;A;1;86;86;0,000;0,000;0,000;0,000
201306;LFPG;LC;I;B;144;11888;12851;0,191;0,697;0,063;0,030
201306;LFPG;LC;I;C;8425;2013657;3112854;36,103;211,600;18,292;5,731
201306;LFPG;MC;I;A;4196;239172;252782;1,831;5,227;0,690;0,291
201306;LFPG;MC;I;B;20431;2571309;2649855;22,876;87,487;9,704;3,631
201306;LFPG;MC;I;C;1778;175795;577972;5,531;29,900;2,177;0,878
201306;LFPG;LC;O;C;131;50889;64305;0,558;3,871;0,253;0,089
201306;LFPG;CC;M;A;773;30435;45907;0,325;0,918;0,514;0,052
201306;LFPG;CC;M;B;3787;439150;513456;4,296;15,971;1,824;0,682
201306;LFPG;CC;M;C;151;5216;29947;0,346;1,974;0,116;0,055
201306;LFPO;LC;I;A;2;0;0;0,002;0,008;0,000;0,000
201306;LFPO;LC;I;B;33;3307;3339;0,039;0,172;0,014;0,006
201306;LFPO;LC;I;C;324;61522;71065;0,781;4,057;0,146;0,124
201306;LFPO;MC;I;A;415;15989;15989;0,094;0,167;0,181;0,015
201306;LFPO;MC;I;B;8283;1141736;1154577;9,011;39,163;2,387;1,430
201306;LFPO;MC;I;C;234;46852;58756;0,675;3,867;0,537;0,107
201306;LFPO;LC;O;C;606;211042;248209;2,316;14,974;0,661;0,368
201306;LFPO;CC;M;A;2274;84071;84084;0,665;2,052;0,734;0,106
201306;LFPO;CC;M;B;7746;989358;991441;7,676;32,618;2,099;1,218
201306;LFRS;LC;I;C;17;3834;3837;0,037;0,184;0,024;0,006
201306;LFRS;MC;I;A;543;23955;23955;0,188;0,608;0,101;0,030
201306;LFRS;MC;I;B;1364;174587;174593;1,333;5,902;0,216;0,212
201306;LFRS;MC;I;C;52;843;7108;0,095;0,559;0,017;0,015
201306;LFRS;CC;M;A;169;6411;6411;0,037;0,064;0,066;0,006
201306;LFRS;CC;M;B;265;33123;33162;0,245;1,224;0,081;0,039
201306;LFRS;CC;M;C;1;67;67;0,004;0,029;0,002;0,001
201306;LFRS;CC;M;A;603;22281;22281;0,221;0,733;0,100;0,035
201306;LFRS;CC;M;B;1345;135839;135842;1,091;4,423;0,197;0,173
201306;LFRS;CC;M;C;38;0;112;0,054;0,358;0,007;0,009
201306;LFSB;LC;I;A;1;3;3;0,000;0,001;0,000;0,000
201306;LFSB;LC;I;C;15;1310;5162;0,064;0,431;0,027;0,010
201306;LFSB;MC;I;A;2041;74158;78399;0,383;1,049;0,460;0,061
201306;LFSB;MC;I;B;3062;419660;423777;2,752;11,317;0,807;0,437
201306;LFSB;MC;I;C;64;336;12645;0,131;0,719;0,024;0,021
201306;LFSB;CC;M;A;452;23454;23464;0,122;0,410;0,221;0,019
201306;LFSB;CC;M;B;14;799;799;0,013;0,053;0,004;0,002
201306;LFSB;CC;M;C;60;0;7503;0,096;0,679;0,004;0,015
201306;LFSB;CC;M;A;313;3850;3850;0,053;0,176;0,079;0,008
201306;LFSB;CC;M;B;230;31469;31469;0,210;0,829;0,081;0,033
201306;LFSB;CC;M;C;1;0;0;0,003;0,018;0,002;0,000
201307;LFBD;LC;I;C;18;4546;4559;0,037;0,191;0,022;0,006
201307;LFBD;MC;I;A;224;11372;11378;0,099;0,330;0,017;0,016
201307;LFBD;MC;I;B;1512;187784;187895;1,350;5,664;0,310;0,214
201307;LFBD;CC;M;B;1002;141596;146539;1,053;5,330;0,234;0,167
201307;LFBD;CC;M;A;714;25421;25421;0,264;0,881;0,045;0,042
201307;LFBD;CC;M;B;963;100454;100466;0,748;2,972;0,130;0,119
201307;LFBD;CC;M;C;92;0;5719;0,153;0,854;0,063;0,024
201307;LFBO;LC;I;A;4;10;10;0,002;0,004;0,000;0,000
201307;LFBO;LC;I;B;1;5;5;0,001;0,007;0,000;0,000
201307;LFBO;LC;I;C;18;5094;5169;0,051;0,258;0,022;0,008
201307;LFBO;MC;I;A;693;31730;32406;0,247;0,771;0,125;0,039
201307;LFBO;MC;I;B;2511;278229;279708;2,133;8,209;0,753;0,339
201307;LFBO;MC;I;C;154;0;21638;0,338;1,777;0,202;0,054
201307;LFBO;CC;M;A;38;50;849;0,009;0,024;0,018;0,001
201307;LFBO;CC;M;B;1871;249799;259046;1,812;7,603;0,583;0,288
201307;LFBO;CC;M;A;1005;35761;35761;0,311;0,925;0,301;0,049
201307;LFBO;CC;M;B;817;85655;85678;0,705;2,765;0,270;0,112
201307;LFBO;CC;M;C;59;0;8383;0,100;0,460;0,071;0,016
201307;LFLL;LC;I;C;87;16536;23984;0,343;1,943;0,071;0,054
201307;LFLL;MC;I;A;1980;84778;86396;0,739;2,302;0,262;0,117
201307;LFLL;MC;I;B;3854;427311;430168;3,337;12,946;0,856;0,530
201307;LFLL;MC;I;C;140;4526;26400;0,285;1,483;0,131;0,045
201307;LFLL;CC;M;A;48;666;1359;0,017;0,046;0,023;0,003
201307;LFLL;CC;M;B;584;53893;57002;0,481;1,922;0,150;0,076
201307;LFLL;CC;M;C;1;276;276;0,006;0,056;0,002;0,001
201307;LFLL;CC;M;A;1941;73822;73859;0,821;2,559;0,412;0,130
201307;LFLL;CC;M;B;1814;168796;168823;1,461;5,547;0,361;0,232
201307;LFLL;CC;M;C;65;0;4564;0,131;0,784;0,064;0,021
201307;LFML;LC;I;A;5;26;26;0,002;0,005;0,001;0,000
201307;LFML;LC;I;B;12;1148;1148;0,016;0,072;0,002;0,003
201307;LFML;LC;I;C;76;18262;18993;0,219;1,217;0,099;0,035
201307;LFML;MC;I;A;952;34965;39096;0,308;0,942;0,254;0,049
201307;LFML;MC;I;B;3704;429426;432223;3,747;15,414;0,995;0,595
201307;LFML;MC;I;C;176;6800;24583;0,369;1,922;0,134;0,059
201307;LFML;LC;O;C;18;5620;5680;0,055;0,308;0,007;0,009
201307;LFML;CC;M;A;46;0;1742;0,014;0,044;0,029;0,002
201307;LFML;CC;M;B;1282;142970;150117;1,240;4,987;0,492;0,197
201307;LFML;CC;M;C;49;779;9101;0,096;0,616;0,008;0,015
201307;LFML;CC;M;A;1329;39162;41624;0,333;1,015;0,584;0,053
201307;LFML;CC;M;B;1480;167103;175792;1,481;6,083;0,417;0,235
201307;LFML;CC;M;C;90;340;878;0,161;0,822;0,090;0,026
201307;LFMN;LC;I;A;65;265;265;0,031;0,102;0,009;0,005
201307;LFMN;LC;I;B;3;38;38;0,003;0,010;0,001;0,000
201307;LFMN;LC;I;C;144;33796;41593;0,434;2,558;0,070;0,069
201307;LFMN;MC;I;A;5448;53277;53294;1,210;3,211;3,365;0,192
201307;LFMN;MC;I;B;6533;809570;811267;5,801;23,075;1,616;0,921
201307;LFMN;MC;I;C;34;4776;4952;0,075;0,457;0,009;0,012
201307;LFMN;CC;M;A;44;16;1173;0,012;0,038;0,020;0,002
201307;LFMN;CC;M;B;1900;284360;287356;1,936;8,109;0,441;0,307
201307;LFMN;CC;M;A;4177;62687;62813;0,708;1,933;2,089;0,112
201307;LFMN;CC;M;B;837;111136;111138;0,813;3,300;0,206;0,129
201307;LFMN;CC;M;C;43;338;2062;0,071;0,418;0,016;0,011
201307;LFOB;MC;I;A;4;0;0;0,001;0,002;0,001;0,000
201307;LFOB;MC;I;B;2469;385050;385057;2,715;11,460;0,422;0,431
201307;LFOB;CC;M;B;126;18013;18013;0,142;0,608;0,021;0,023
201307;LFPG;LC;I;A;3;0;11;0,001;0,005;0,000;0,000
201307;LFPG;LC;I;B;161;13910;14944;0,217;0,791;0,069;0,034
201307;LFPG;LC;I;C;9132;2229364;3373962;39,132;227,955;19,686;6,212
201307;LFPG;MC;I;A;4586;258383;273286;1,996;5,698;0,791;0,317
201307;LFPG;MC;I;B;21917;2756874;2845117;24,611;94,694;10,567;3,906
201307;LFPG;MC;I;C;2009;196791;604220;6,236;33,823;2,431;0,990
201307;LFPG;LC;O;C;179;62343;74619;0,747;5,124;0,391;0,119
201307;LFPG;CC;M;A;889;34018;50428;0,369;1,032;0,620;0,059
201307;LFPG;CC;M;B;4104;482664;559621;4,641;17,300;2,022;0,737
201307;LFPG;CC;M;C;176;2942;32401;0,375;2,079;0,119;0,060
201307;LFPO;LC;I;B;36;3781;3931;0,041;0,171;0,012;0,006
201307;LFPO;LC;I;C;376;78150;87829;0,966;5,060;0,178;0,153
201307;LFPO;MC;I;A;428;17804;17804;0,095;0,162;0,190;0,015
201307;LFPO;MC;I;B;9479;1252459;1265172;10,161;44,153;2,575;1,613
201307;LFPO;MC;I;C;285;51019;62747;0,845;4,868;0,710;0,134
201307;LFPO;LC;O;C;847;313174;353026;3,270;20,936;0,939;0,519
201307;LFPO;CC;M;A;2075;75698;75705;0,566;1,761;0,714;0,090
201307;LFPO;CC;M;B;7616;978001;980537;7,331;30,827;1,914;1,164
201307;LFPO;CC;M;C;1;276;276;0,001;0,009;0,001;0,000
201307;LFRS;LC;I;B;9;854;854;0,011;0,054;0,001;0,002
201307;LFRS;LC;I;C;18;4912;4946;0,045;0,237;0,021;0,007
201307;LFRS;MC;I;A;556;24105;24107;0,190;0,608;0,120;0,030
201307;LFRS;MC;I;B;1419;178142;178251;1,413;6,358;0,232;0,224
201307;LFRS;MC;I;C;57;1068;7262;0,101;0,550;0,019;0,016
201307;LFRS;CC;M;A;182;7486;7486;0,041;0,070;0,074;0,006
201307;LFRS;CC;M;B;286;34958;35006;0,255;1,207;0,084;0,040
201307;LFRS;CC;M;A;619;23854;23854;0,239;0,791;0,081;0,038
201307;LFRS;CC;M;B;1308;139951;139951;1,096;4,464;0,198;0,174
201307;LFRS;CC;M;C;46;0;185;0,068;0,416;0,011;0,011
201307;LFSB;LC;I;A;2;6;6;0,001;0,003;0,000;0,000
201307;LFSB;LC;I;C;12;1873;4271;0,045;0,312;0,019;0,007
201307;LFSB;MC;I;A;1948;80319;84947;0,373;1,028;0,325;0,059
201307;LFSB;MC;I;B;3264;448712;453379;2,843;11,802;0,842;0,451
201307;LFSB;MC;I;C;77;3508;16136;0,164;0,889;0,037;0,026
201307;LFSB;CC;M;A;437;23240;23245;0,114;0,385;0,205;0,018
201307;LFSB;CC;M;B;6;387;387;0,004;0,015;0,002;0,001
201307;LFSB;CC;M;C;74;0;8888;0,114;0,832;0,004;0,018
201307;LFSB;CC;M;A;287;3758;3758;0,047;0,154;0,041;0,007
201307;LFSB;CC;M;B;276;39436;39436;0,250;0,998;0,102;0,040
201308;LFBD;LC;I;B;3;73;116;0,001;0,001;0,001;0,000
201308;LFBD;LC;I;C;18;4552;4564;0,037;0,191;0,022;0,006
201308;LFBD;MC;I;A;177;8914;8914;0,078;0,264;0,018;0,012
201308;LFBD;MC;I;B;1612;209844;209944;1,448;6,066;0,339;0,230
201308;LFBD;MC;I;C;1;0;34;0,002;0,015;0,000;0,000
201308;LFBD;CC;M;B;814;108963;113294;0,823;4,031;0,221;0,131
201308;LFBD;CC;M;A;462;20523;20524;0,197;0,665;0,039;0,031
201308;LFBD;CC;M;B;881;95525;95537;0,703;2,828;0,134;0,112
201308;LFBD;CC;M;C;83;0;4327;0,137;0,734;0,062;0,022
201308;LFBO;LC;I;C;16;4610;4655;0,043;0,217;0,019;0,007
201308;LFBO;MC;I;A;725;36511;36910;0,288;0,939;0,059;0,046
201308;LFBO;MC;I;B;2430;292811;294781;1,979;7,890;0,645;0,314
201308;LFBO;MC;I;C;128;402;20510;0,288;1,511;0,180;0,046
201308;LFBO;CC;M;A;33;0;584;0,007;0,019;0,013;0,001
201308;LFBO;CC;M;B;1464;182230;190408;1,308;5,493;0,440;0,208
201308;LFBO;CC;M;C;2;0;68;0,005;0,032;0,002;0,001
201308;LFBO;CC;M;A;558;24703;24703;0,196;0,615;0,144;0,031
201308;LFBO;CC;M;B;684;74958;75300;0,572;2,318;0,191;0,091
201308;LFBO;CC;M;C;74;0;9377;0,134;0,676;0,086;0,021
201308;LFLL;LC;I;C;84;19330;23884;0,325;1,860;0,057;0,052
201308;LFLL;MC;I;A;1466;73271;73362;0,495;1,575;0,142;0,079
201308;LFLL;MC;I;B;3936;478241;481532;3,426;13,384;0,847;0,544
201308;LFLL;MC;I;C;163;9849;27088;0,347;1,822;0,165;0,055
201308;LFLL;CC;M;A;32;94;420;0,009;0,023;0,015;0,001
201308;LFLL;CC;M;B;554;55116;57485;0,450;1,825;0,136;0,071
201308;LFLL;CC;M;A;1503;59194;59202;0,645;2,020;0,281;0,102
201308;LFLL;CC;M;B;1395;134677;135108;1,174;4,618;0,298;0,186
201308;LFLL;CC;M;C;84;0;4377;0,156;0,901;0,066;0,025
201308;LFML;LC;I;B;11;1129;1129;0,013;0,049;0,002;0,002
201308;LFML;LC;I;C;74;19733;19916;0,201;1,068;0,091;0,032
201308;LFML;MC;I;A;795;31140;33419;0,266;0,811;0,232;0,042
201308;LFML;MC;I;B;3837;487622;491231;3,886;15,819;0,977;0,617
201308;LFML;MC;I;C;144;13746;21774;0,313;1,662;0,161;0,050
201308;LFML;LC;O;C;18;5727;5756;0,054;0,306;0,007;0,009
201308;LFML;CC;M;A;41;1;1774;0,012;0,039;0,028;0,002
201308;LFML;CC;M;B;1068;117976;124248;1,024;4,064;0,402;0,163
201308;LFML;CC;M;C;42;0;6616;0,076;0,476;0,003;0,012
201308;LFML;CC;M;A;980;36671;37937;0,271;0,852;0,524;0,043
201308;LFML;CC;M;B;1482;170040;178625;1,490;6,078;0,391;0,236
201308;LFML;CC;M;C;78;0;1288;0,142;0,705;0,083;0,022
201308;LFMN;LC;I;A;95;443;443;0,045;0,142;0,011;0,007
201308;LFMN;LC;I;B;21;199;199;0,018;0,072;0,004;0,003
201308;LFMN;LC;I;C;153;38987;47378;0,466;2,754;0,097;0,074
201308;LFMN;MC;I;A;5362;58095;58116;1,292;3,531;3,032;0,205
201308;LFMN;MC;I;B;6396;791143;792181;5,730;22,802;1,638;0,910
201308;LFMN;MC;I;C;26;3348;3440;0,058;0,341;0,012;0,009
201308;LFMN;CC;M;A;37;0;756;0,009;0,031;0,016;0,001
201308;LFMN;CC;M;B;1652;248494;251147;1,676;7,238;0,411;0,266
201308;LFMN;CC;M;C;1;1;1;0,003;0,027;0,000;0,000
201308;LFMN;CC;M;A;3926;66086;66234;0,658;1,777;2,026;0,105
201308;LFMN;CC;M;B;846;112262;112469;0,798;3,298;0,208;0,127
201308;LFMN;CC;M;C;32;0;1116;0,052;0,312;0,009;0,008
201308;LFOB;MC;I;B;2502;404671;404674;2,747;11,627;0,417;0,436
201308;LFOB;CC;M;B;122;18041;18041;0,138;0,607;0,021;0,022
201308;LFPG;LC;I;B;196;18547;19551;0,264;0,955;0,093;0,042
201308;LFPG;LC;I;C;9075;2286664;3368892;38,249;225,727;19,080;6,071
201308;LFPG;MC;I;A;4250;233883;247154;1,810;5,171;0,731;0,287
201308;LFPG;MC;I;B;21834;2775902;2844978;24,340;94,799;10,264;3,864
201308;LFPG;MC;I;C;2021;228921;569540;6,190;33,655;2,476;0,983
201308;LFPG;LC;O;C;188;65158;75528;0,792;5,475;0,391;0,126
201308;LFPG;CC;M;A;892;34274;48420;0,378;1,071;0,577;0,060
201308;LFPG;CC;M;B;4026;482672;549040;4,553;17,129;2,031;0,723
201308;LFPG;CC;M;C;160;2362;25913;0,336;1,896;0,090;0,053
201308;LFPO;LC;I;B;37;4193;4272;0,042;0,165;0,009;0,007
201308;LFPO;LC;I;C;381;82720;90876;0,978;5,164;0,176;0,155
201308;LFPO;MC;I;A;281;10484;10484;0,059;0,101;0,117;0,009
201308;LFPO;MC;I;B;9847;1382264;1391466;10,482;45,863;2,557;1,664
201308;LFPO;MC;I;C;377;74387;82735;1,066;5,990;0,859;0,169
201308;LFPO;LC;O;C;847;317509;353058;3,258;21,164;0,924;0,517
201308;LFPO;CC;M;A;1078;42896;42908;0,316;0,972;0,400;0,050
201308;LFPO;CC;M;B;6362;803087;805206;5,942;25,191;1,563;0,943
201308;LFRS;LC;I;B;6;710;710;0,007;0,039;0,001;0,001
201308;LFRS;LC;I;C;18;4818;4844;0,042;0,217;0,023;0,007
201308;LFRS;MC;I;A;488;22734;22735;0,164;0,517;0,104;0,026
201308;LFRS;MC;I;B;1556;218934;219058;1,564;6,952;0,269;0,248
201308;LFRS;MC;I;C;65;1574;7140;0,117;0,621;0,028;0,019
201308;LFRS;CC;M;A;186;7676;7676;0,042;0,072;0,076;0,007
201308;LFRS;CC;M;B;282;34806;34841;0,245;1,092;0,079;0,039
201308;LFRS;CC;M;A;410;15739;15739;0,154;0,501;0,050;0,024
201308;LFRS;CC;M;B;1170;137229;137239;1,011;4,143;0,170;0,160
201308;LFRS;CC;M;C;41;0;172;0,062;0,369;0,010;0,010
201308;LFSB;LC;I;A;1;1;1;0,000;0,000;0,000;0,000
201308;LFSB;LC;I;C;16;2441;5362;0,056;0,370;0,032;0,009
201308;LFSB;MC;I;A;1718;72410;76344;0,298;0,815;0,284;0,047
201308;LFSB;MC;I;B;3245;467482;471442;2,833;11,612;0,781;0,450
201308;LFSB;MC;I;C;66;1192;11294;0,119;0,657;0,017;0,019
201308;LFSB;CC;M;A;373;18625;18632;0,098;0,333;0,166;0,016
201308;LFSB;CC;M;B;9;601;601;0,004;0,013;0,002;0,001
201308;LFSB;CC;M;C;67;0;7038;0,101;0,743;0,003;0,016
201308;LFSB;CC;M;A;115;1518;1518;0,030;0,101;0,032;0,005
201308;LFSB;CC;M;B;283;41074;41074;0,257;0,993;0,100;0,041
201309;LFBD;LC;I;C;16;3628;3635;0,032;0,166;0,021;0,005
201309;LFBD;MC;I;A;212;10742;10748;0,061;0,210;0,020;0,010
201309;LFBD;MC;I;B;1272;153445;153532;1,140;4,805;0,262;0,181
201309;LFBD;CC;M;B;1114;143012;147883;1,190;6,242;0,258;0,189
201309;LFBD;CC;M;A;793;26694;26694;0,291;0,973;0,076;0,046
201309;LFBD;CC;M;B;973;98620;98621;0,760;2,997;0,137;0,121
201309;LFBD;CC;M;C;84;0;4950;0,140;0,773;0,057;0,022
201309;LFBO;LC;I;A;2;3;3;0,000;0,001;0,000;0,000
201309;LFBO;LC;I;B;3;22;22;0,003;0,010;0,001;0,000
201309;LFBO;LC;I;C;18;5066;5131;0,045;0,234;0,020;0,007
201309;LFBO;MC;I;A;899;39339;40159;0,313;1,010;0,124;0,050
201309;LFBO;MC;I;B;2358;255582;257741;1,875;7,378;0,601;0,298
201309;LFBO;MC;I;C;177;336;30296;0,400;2,101;0,261;0,063
201309;LFBO;CC;M;A;33;0;633;0,007;0,018;0,013;0,001
201309;LFBO;CC;M;B;2325;270005;279016;2,181;9,309;0,633;0,346
201309;LFBO;CC;M;A;955;33775;33775;0,293;0,891;0,213;0,047
201309;LFBO;CC;M;B;942;88031;88615;0,760;2,968;0,255;0,121
201309;LFBO;CC;M;C;71;0;11551;0,131;0,644;0,093;0,021
201309;LFLL;LC;I;C;70;11894;16732;0,271;1,537;0,056;0,043
201309;LFLL;MC;I;A;1923;84972;86559;0,723;2,261;0,261;0,115
201309;LFLL;MC;I;B;3560;394944;398219;3,067;11,823;0,804;0,487
201309;LFLL;MC;I;C;138;7369;26710;0,296;1,530;0,160;0,047
201309;LFLL;CC;M;A;68;1705;2307;0,030;0,086;0,019;0,005
201309;LFLL;CC;M;B;527;45443;47842;0,439;1,722;0,165;0,070
201309;LFLL;CC;M;A;2052;76578;76582;0,904;2,792;0,426;0,144
201309;LFLL;CC;M;B;1842;155139;155804;1,480;5,455;0,396;0,235
201309;LFLL;CC;M;C;51;0;3250;0,101;0,584;0,057;0,016
201309;LFML;LC;I;A;3;19;19;0,001;0,004;0,001;0,000
201309;LFML;LC;I;B;2;156;156;0,002;0,009;0,000;0,000
201309;LFML;LC;I;C;60;14894;15217;0,156;0,891;0,068;0,025
201309;LFML;MC;I;A;885;29875;32869;0,281;0,875;0,227;0,045
201309;LFML;MC;I;B;3471;389785;392562;3,482;14,237;0,879;0,553
201309;LFML;MC;I;C;181;10293;24273;0,382;1,988;0,148;0,061
201309;LFML;LC;O;C;17;4908;5091;0,052;0,301;0,006;0,008
201309;LFML;CC;M;A;41;0;1857;0,012;0,039;0,025;0,002
201309;LFML;CC;M;B;1401;138407;144717;1,366;5,449;0,522;0,217
201309;LFML;CC;M;C;54;2278;10198;0,114;0,711;0,013;0,018
201309;LFML;CC;M;A;1202;33655;36146;0,309;0,943;0,498;0,049
201309;LFML;CC;M;B;1430;153393;160785;1,432;5,917;0,413;0,227
201309;LFML;CC;M;C;78;0;362;0,137;0,699;0,072;0,022
201309;LFMN;LC;I;A;39;164;164;0,022;0,075;0,005;0,003
201309;LFMN;LC;I;B;4;291;291;0,003;0,010;0,001;0,001
201309;LFMN;LC;I;C;139;32043;40207;0,421;2,493;0,065;0,067
201309;LFMN;MC;I;A;4657;50242;50255;0,906;2,341;2,674;0,144
201309;LFMN;MC;I;B;5727;664509;665766;5,037;19,921;1,414;0,799
201309;LFMN;MC;I;C;16;1700;1818;0,034;0,168;0,017;0,005
201309;LFMN;CC;M;A;36;78;1009;0,010;0,034;0,016;0,002
201309;LFMN;CC;M;B;2052;268942;271338;2,074;8,741;0,499;0,329
201309;LFMN;CC;M;C;1;50;50;0,001;0,002;0,000;0,000
201309;LFMN;CC;M;A;2155;48224;48329;0,453;1,299;1,054;0,072
201309;LFMN;CC;M;B;763;95445;95465;0,754;3,059;0,179;0,120
201309;LFMN;CC;M;C;36;0;1473;0,059;0,349;0,010;0,009
201309;LFOB;MC;I;A;16;899;899;0,004;0,006;0,008;0,001
201309;LFOB;MC;I;B;2370;350972;350972;2,582;10,931;0,395;0,410
201309;LFOB;CC;M;B;122;13785;13785;0,137;0,634;0,021;0,022
201309;LFPG;LC;I;B;168;14321;15349;0,229;0,831;0,079;0,036
201309;LFPG;LC;I;C;8371;2017592;3110865;35,565;210,288;17,555;5,645
201309;LFPG;MC;I;A;4625;258181;272532;2,035;5,795;0,817;0,323
201309;LFPG;MC;I;B;21225;2598777;2680479;23,588;90,747;10,216;3,744
201309;LFPG;MC;I;C;1851;175617;549085;5,714;30,656;2,245;0,907
201309;LFPG;LC;O;C;137;45527;55957;0,572;4,027;0,271;0,091
201309;LFPG;CC;M;A;835;33424;49173;0,355;1,003;0,527;0,056
201309;LFPG;CC;M;B;3846;435459;503669;4,352;16,140;2,007;0,691
201309;LFPG;CC;M;C;158;2081;29144;0,346;1,938;0,087;0,055
201309;LFPO;LC;I;B;33;3542;3572;0,038;0,149;0,007;0,006
201309;LFPO;LC;I;C;364;67319;74582;0,875;4,613;0,134;0,139
201309;LFPO;MC;I;A;420;15485;15485;0,093;0,164;0,180;0,015
201309;LFPO;MC;I;B;8671;1172452;1184159;9,256;40,132;2,442;1,469
201309;LFPO;MC;I;C;322;60912;71734;0,912;5,070;0,770;0,145
201309;LFPO;LC;O;C;600;195352;229710;2,326;14,550;0,654;0,369
201309;LFPO;CC;M;A;2336;76766;76777;0,668;2,059;0,822;0,106
201309;LFPO;CC;M;B;8116;916564;918565;7,924;33,319;2,162;1,258
201309;LFRS;LC;I;C;16;3626;3642;0,035;0,173;0,027;0,006
201309;LFRS;MC;I;A;530;20643;20711;0,177;0,569;0,111;0,028
201309;LFRS;MC;I;B;1395;179694;179842;1,379;6,098;0,240;0,219
201309;LFRS;MC;I;C;63;457;6899;0,113;0,591;0,032;0,018
201309;LFRS;CC;M;A;180;6143;6143;0,040;0,069;0,071;0,006
201309;LFRS;CC;M;B;261;31570;31612;0,237;1,198;0,083;0,038
201309;LFRS;CC;M;A;707;25462;25462;0,267;0,891;0,106;0,042
201309;LFRS;CC;M;B;1288;126251;126259;1,056;4,237;0,205;0,168
201309;LFRS;CC;M;C;40;0;325;0,061;0,362;0,011;0,010
201309;LFSB;LC;I;A;2;12;12;0,002;0,007;0,000;0,000
201309;LFSB;LC;I;C;13;1868;5036;0,049;0,337;0,030;0,008
201309;LFSB;MC;I;A;1879;74111;78777;0,414;1,197;0,239;0,066
201309;LFSB;MC;I;B;3081;433872;438378;2,707;11,157;0,806;0,430
201309;LFSB;MC;I;C;63;1290;13358;0,134;0,724;0,020;0,021
201309;LFSB;CC;M;A;476;22728;22738;0,122;0,411;0,219;0,019
201309;LFSB;CC;M;B;4;250;250;0,003;0,010;0,002;0,000
201309;LFSB;CC;M;C;65;0;7782;0,099;0,737;0,003;0,016
201309;LFSB;CC;M;A;267;3529;3529;0,046;0,153;0,032;0,007
201309;LFSB;CC;M;B;216;29891;29891;0,200;0,779;0,074;0,032
201310;LFBD;LC;I;B;2;101;101;0,002;0,013;0,000;0,000
201310;LFBD;LC;I;C;2;445;447;0,004;0,018;0,003;0,001
201310;LFBD;MC;I;A;199;9250;9254;0,058;0,199;0,020;0,009
201310;LFBD;MC;I;B;1075;127642;127834;0,948;3,970;0,219;0,151
201310;LFBD;CC;M;B;1070;142468;147880;1,145;5,937;0,242;0,182
201310;LFBD;CC;M;A;793;27266;27266;0,298;1,004;0,072;0,047
201310;LFBD;CC;M;B;886;90341;90415;0,686;2,707;0,146;0,109
201310;LFBD;CC;M;C;94;0;5911;0,157;0,887;0,062;0,025
201310;LFBO;LC;I;A;5;25;25;0,003;0,008;0,001;0,000
201310;LFBO;LC;I;B;6;555;555;0,008;0,043;0,001;0,001
201310;LFBO;LC;I;C;10;2325;2351;0,022;0,106;0,019;0,004
201310;LFBO;MC;I;A;814;34854;35192;0,263;0,859;0,076;0,042
201310;LFBO;MC;I;B;2223;226993;229016;1,640;6,402;0,540;0,260
201310;LFBO;MC;I;C;171;0;27680;0,382;1,979;0,247;0,061
201310;LFBO;CC;M;A;38;0;796;0,009;0,023;0,017;0,001
201310;LFBO;CC;M;B;2306;292332;302136;2,169;9,338;0,592;0,344
201310;LFBO;CC;M;C;1;0;36;0,002;0,019;0,000;0,000
201310;LFBO;CC;M;A;955;33503;33503;0,277;0,844;0,249;0,044
201310;LFBO;CC;M;B;905;88492;88507;0,716;2,870;0,258;0,114
201310;LFBO;CC;M;C;99;0;14127;0,171;0,854;0,112;0,027
201310;LFLL;LC;I;B;1;158;158;0,002;0,011;0,000;0,000
201310;LFLL;LC;I;C;73;11717;19766;0,307;1,775;0,068;0,049
201310;LFLL;MC;I;A;1919;85163;87801;0,718;2,247;0,229;0,114
201310;LFLL;MC;I;B;3237;368293;369797;2,755;10,668;0,822;0,437
201310;LFLL;MC;I;C;140;5103;26838;0,285;1,464;0,128;0,045
201310;LFLL;CC;M;A;42;363;1113;0,014;0,038;0,019;0,002
201310;LFLL;CC;M;B;568;50508;53794;0,472;1,872;0,162;0,075
201310;LFLL;CC;M;A;2115;78158;78169;0,889;2,759;0,442;0,141
201310;LFLL;CC;M;B;1869;162155;162240;1,451;5,435;0,397;0,230
201310;LFLL;CC;M;C;64;0;4693;0,132;0,778;0,064;0,021
201310;LFML;LC;I;A;1;4;4;0,000;0,001;0,000;0,000
201310;LFML;LC;I;B;3;230;230;0,004;0,020;0,000;0,001
201310;LFML;LC;I;C;40;9881;10061;0,100;0,556;0,047;0,016
201310;LFML;MC;I;A;921;30332;33839;0,295;0,913;0,198;0,047
201310;LFML;MC;I;B;3348;378251;382006;3,319;13,431;0,843;0,527
201310;LFML;MC;I;C;155;5105;19966;0,314;1,602;0,132;0,050
201310;LFML;LC;O;C;18;5630;5722;0,054;0,310;0,009;0,009
201310;LFML;CC;M;A;46;0;2082;0,013;0,044;0,028;0,002
201310;LFML;CC;M;B;1391;143365;151116;1,363;5,411;0,500;0,216
201310;LFML;CC;M;C;55;1260;9333;0,111;0,671;0,007;0,018
201310;LFML;CC;M;A;1190;30460;33139;0,305;0,922;0,497;0,048
201310;LFML;CC;M;B;1443;153068;161378;1,437;5,747;0,426;0,228
201310;LFML;CC;M;C;81;0;322;0,144;0,758;0,074;0,023
201310;LFMN;LC;I;A;21;71;71;0,012;0,044;0,003;0,002
201310;LFMN;LC;I;B;1;189;189;0,002;0,010;0,000;0,000
201310;LFMN;LC;I;C;132;31618;41101;0,417;2,445;0,068;0,066
201310;LFMN;MC;I;A;3745;34547;34558;0,648;1,589;2,179;0,103
201310;LFMN;MC;I;B;5168;559950;561196;4,504;17,769;1,275;0,715
201310;LFMN;MC;I;C;13;1029;1214;0,033;0,222;0,005;0,005
201310;LFMN;CC;M;A;41;24;1072;0,009;0,030;0,015;0,001
201310;LFMN;CC;M;B;2002;274124;277348;2,005;8,344;0,492;0,318
201310;LFMN;CC;M;A;1663;46433;46611;0,393;1,200;0,689;0,062
201310;LFMN;CC;M;B;701;87441;87443;0,682;2,777;0,173;0,108
201310;LFMN;CC;M;C;37;0;1431;0,060;0,373;0,009;0,010
201310;LFOB;MC;I;A;18;1038;1038;0,004;0,007;0,009;0,001
201310;LFOB;MC;I;B;2348;346085;346090;2,580;11,014;0,396;0,410
201310;LFOB;CC;M;B;120;15149;15149;0,136;0,558;0,020;0,022
201310;LFPG;LC;I;A;3;3;3;0,002;0,007;0,000;0,000
201310;LFPG;LC;I;B;179;16014;16932;0,243;0,873;0,077;0,038
201310;LFPG;LC;I;C;8232;1938130;3108812;35,237;208,585;17,387;5,593
201310;LFPG;MC;I;A;4556;243701;260050;1,922;5,467;0,896;0,305
201310;LFPG;MC;I;B;20960;2523877;2620398;23,129;88,462;10,016;3,671
201310;LFPG;MC;I;C;1756;155688;575826;5,487;28,813;2,135;0,871
201310;LFPG;LC;O;C;146;48500;60757;0,632;4,525;0,317;0,100
201310;LFPG;CC;M;A;889;33870;52127;0,383;1,055;0,538;0,061
201310;LFPG;CC;M;B;3826;426611;509875;4,312;15,955;1,899;0,685
201310;LFPG;CC;M;C;177;511;30907;0,379;2,112;0,097;0,060
201310;LFPO;LC;I;B;39;4032;4088;0,047;0,178;0,009;0,007
201310;LFPO;LC;I;C;351;62049;69893;0,877;4,601;0,144;0,139
201310;LFPO;MC;I;A;465;16230;16230;0,107;0,195;0,201;0,017
201310;LFPO;MC;I;B;8096;1095225;1108381;8,635;36,995;2,272;1,371
201310;LFPO;MC;I;C;193;38348;48586;0,552;3,117;0,493;0,088
201310;LFPO;LC;O;C;640;219886;257945;2,479;15,890;0,707;0,394
201310;LFPO;CC;M;A;2493;89799;89815;0,757;2,350;0,831;0,120
201310;LFPO;CC;M;B;7550;906765;908897;7,371;30,853;1,966;1,170
201310;LFRS;LC;I;B;6;288;288;0,009;0,049;0,001;0,001
201310;LFRS;LC;I;C;8;1637;1660;0,017;0,086;0,013;0,003
201310;LFRS;MC;I;A;539;20456;20658;0,178;0,576;0,105;0,028
201310;LFRS;MC;I;B;1069;141454;141573;1,041;4,581;0,183;0,165
201310;LFRS;MC;I;C;64;0;7438;0,118;0,613;0,036;0,019
201310;LFRS;CC;M;A;177;6546;6547;0,039;0,068;0,069;0,006
201310;LFRS;CC;M;B;257;32482;32531;0,233;1,167;0,080;0,037
201310;LFRS;CC;M;A;684;24246;24246;0,256;0,851;0,100;0,041
201310;LFRS;CC;M;B;1214;122366;122368;0,974;3,844;0,208;0,155
201310;LFRS;CC;M;C;46;0;68;0,069;0,412;0,011;0,011
201310;LFSB;LC;I;A;2;5;5;0,000;0,001;0,000;0,000
201310;LFSB;LC;I;C;4;0;2731;0,024;0,201;0,010;0,004
201310;LFSB;MC;I;A;1860;76827;81990;0,411;1,202;0,230;0,065
201310;LFSB;MC;I;B;2970;411729;416691;2,571;10,543;0,784;0,408
201310;LFSB;MC;I;C;60;0;14947;0,130;0,694;0,021;0,021
201310;LFSB;CC;M;A;472;23713;23722;0,136;0,455;0,194;0,022
201310;LFSB;CC;M;B;20;1347;1348;0,014;0,051;0,006;0,002
201310;LFSB;CC;M;C;75;0;9656;0,114;0,833;0,004;0,018
201310;LFSB;CC;M;A;229;2750;2750;0,039;0,126;0,035;0,006
201310;LFSB;CC;M;B;204;29112;29112;0,188;0,744;0,074;0,030
201311;LFBD;LC;I;B;12;1578;1578;0,013;0,060;0,002;0,002
201311;LFBD;LC;I;C;1;0;517;0,005;0,033;0,001;0,001
201311;LFBD;MC;I;A;116;4182;4183;0,046;0,158;0,015;0,007
201311;LFBD;MC;I;B;800;89830;90184;0,698;2,855;0,169;0,111
201311;LFBD;MC;I;C;5;1009;1060;0,010;0,070;0,002;0,002
201311;LFBD;CC;M;B;1034;138250;142911;1,138;5,992;0,216;0,181
201311;LFBD;CC;M;A;671;23212;23212;0,249;0,842;0,056;0,040
201311;LFBD;CC;M;B;796;77718;77938;0,641;2,565;0,131;0,102
201311;LFBD;CC;M;C;68;0;4407;0,114;0,586;0,058;0,018
201311;LFBO;LC;I;B;10;1594;1594;0,013;0,065;0,001;0,002
201311;LFBO;LC;I;C;1;0;558;0,003;0,008;0,000;0,000
201311;LFBO;MC;I;A;698;26698;27312;0,225;0,733;0,065;0,036
201311;LFBO;MC;I;B;1859;173487;174850;1,421;5,534;0,440;0,226
201311;LFBO;MC;I;C;167;0;30640;0,373;1,892;0,252;0,059
201311;LFBO;LC;O;C;2;0;660;0,010;0,056;0,002;0,002
201311;LFBO;CC;M;A;33;88;892;0,007;0,020;0,014;0,001
201311;LFBO;CC;M;B;2280;288067;296810;2,244;9,756;0,556;0,356
201311;LFBO;CC;M;C;1;0;42;0,003;0,013;0,002;0,000
201311;LFBO;CC;M;A;832;28529;28529;0,239;0,740;0,234;0,038
201311;LFBO;CC;M;B;786;76073;76140;0,643;2,600;0,218;0,102
201311;LFBO;CC;M;C;95;0;13082;0,168;0,822;0,119;0,027
201311;LFLL;LC;I;B;2;324;324;0,002;0,009;0,000;0,000
201311;LFLL;LC;I;C;52;8285;15976;0,252;1,493;0,021;0,040
201311;LFLL;MC;I;A;1512;64271;66214;0,558;1,749;0,144;0,089
201311;LFLL;MC;I;B;2653;269168;271197;2,207;8,631;0,649;0,350
201311;LFLL;MC;I;C;110;2035;19552;0,213;1,054;0,102;0,034
201311;LFLL;CC;M;A;45;776;1497;0,016;0,045;0,016;0,003
201311;LFLL;CC;M;B;531;50598;53198;0,468;2,123;0,125;0,074
201311;LFLL;CC;M;A;1851;63296;63300;0,737;2,353;0,352;0,117
201311;LFLL;CC;M;B;1605;137309;137764;1,215;4,576;0,303;0,193
201311;LFLL;CC;M;C;56;0;4311;0,121;0,698;0,068;0,019
201311;LFML;LC;I;A;8;38;38;0,003;0,008;0,002;0,000
201311;LFML;LC;I;B;11;840;840;0,011;0,044;0,002;0,002
201311;LFML;LC;I;C;16;3121;4166;0,056;0,375;0,016;0,009
201311;LFML;MC;I;A;870;28626;31634;0,290;0,891;0,199;0,046
201311;LFML;MC;I;B;2609;263098;265434;2,525;10,311;0,620;0,401
201311;LFML;MC;I;C;123;521;13910;0,243;1,173;0,099;0,039
201311;LFML;LC;O;C;17;5172;5176;0,049;0,288;0,018;0,008
201311;LFML;CC;M;A;43;103;1819;0,011;0,037;0,024;0,002
201311;LFML;CC;M;B;1297;135150;141299;1,248;4,916;0,510;0,198
201311;LFML;CC;M;C;53;1329;8531;0,112;0,712;0,020;0,018
201311;LFML;CC;M;A;975;23155;25760;0,244;0,732;0,399;0,039
201311;LFML;CC;M;B;1241;117348;124843;1,226;4,957;0,362;0,195
201311;LFML;CC;M;C;75;0;775;0,129;0,631;0,077;0,020
201311;LFMN;LC;I;A;17;82;82;0,009;0,031;0,002;0,001
201311;LFMN;LC;I;B;4;209;209;0,004;0,013;0,001;0,001
201311;LFMN;LC;I;C;94;20004;27661;0,322;2,140;0,060;0,051
201311;LFMN;MC;I;A;2596;21105;21144;0,420;0,990;1,608;0,067
201311;LFMN;MC;I;B;3109;313527;314694;2,456;9,819;0,722;0,390
201311;LFMN;MC;I;C;3;0;133;0,003;0,006;0,001;0,001
201311;LFMN;CC;M;A;33;0;734;0,007;0,019;0,012;0,001
201311;LFMN;CC;M;B;1821;227426;230032;1,757;7,263;0,536;0,279
201311;LFMN;CC;M;A;1211;35960;36073;0,333;1,077;0,501;0,053
201311;LFMN;CC;M;B;577;66757;66760;0,523;2,180;0,172;0,083
201311;LFMN;CC;M;C;35;0;1407;0,055;0,332;0,009;0,009
201311;LFOB;MC;I;A;18;792;792;0,004;0,007;0,009;0,001
201311;LFOB;MC;I;B;1978;278921;278921;2,169;9,215;0,338;0,344
201311;LFOB;CC;M;B;42;6078;6078;0,048;0,209;0,007;0,008
201311;LFPG;LC;I;A;1;1;1;0,001;0,004;0,000;0,000
201311;LFPG;LC;I;B;119;10197;11197;0,161;0,592;0,056;0,026
201311;LFPG;LC;I;C;7584;1703765;2884396;32,489;194,206;16,023;5,157
201311;LFPG;MC;I;A;4348;219217;237114;1,840;5,287;0,814;0,292
201311;LFPG;MC;I;B;18076;2039841;2128200;19,800;74,912;8,765;3,143
201311;LFPG;MC;I;C;1654;127444;555239;5,065;26,872;2,077;0,804
201311;LFPG;LC;O;C;126;43322;56818;0,554;3,924;0,257;0,088
201311;LFPG;CC;M;A;749;28552;42524;0,330;0,937;0,422;0,052
201311;LFPG;CC;M;B;3535;386147;457664;4,020;15,421;1,722;0,638
201311;LFPG;CC;M;C;158;1328;28111;0,340;1,905;0,098;0,054
201311;LFPO;LC;I;A;2;0;0;0,001;0,003;0,000;0,000
201311;LFPO;LC;I;B;50;6040;6065;0,058;0,225;0,012;0,009
201311;LFPO;LC;I;C;326;59434;71702;0,849;4,459;0,138;0,135
201311;LFPO;MC;I;A;487;16347;16347;0,119;0,245;0,195;0,019
201311;LFPO;MC;I;B;6997;867798;882386;7,325;31,472;1,922;1,163
201311;LFPO;MC;I;C;143;25652;34744;0,401;2,274;0,343;0,064
201311;LFPO;LC;O;C;637;227789;269602;2,428;15,497;0,698;0,385
201311;LFPO;CC;M;A;2382;88136;88158;0,751;2,338;0,754;0,119
201311;LFPO;CC;M;B;7088;817138;819020;6,841;28,747;1,871;1,086
201311;LFRS;LC;I;B;20;2130;2130;0,025;0,129;0,002;0,004
201311;LFRS;MC;I;A;495;18962;19860;0,191;0,613;0,073;0,030
201311;LFRS;MC;I;B;688;79243;79581;0,647;2,799;0,134;0,103
201311;LFRS;MC;I;C;58;0;6184;0,107;0,564;0,034;0,017
201311;LFRS;CC;M;A;174;6712;6712;0,038;0,065;0,065;0,006
201311;LFRS;CC;M;B;250;31129;31145;0,235;1,254;0,075;0,037
201311;LFRS;CC;M;A;618;22083;22083;0,239;0,785;0,089;0,038
201311;LFRS;CC;M;B;987;94944;95031;0,780;3,076;0,174;0,124
201311;LFRS;CC;M;C;30;0;39;0,045;0,262;0,008;0,007
201311;LFSB;LC;I;A;1;2;2;0,000;0,000;0,000;0,000
201311;LFSB;LC;I;B;9;1115;1115;0,010;0,040;0,001;0,002
201311;LFSB;LC;I;C;5;0;3228;0,031;0,249;0,018;0,005
201311;LFSB;MC;I;A;1634;59647;64446;0,420;1,257;0,185;0,067
201311;LFSB;MC;I;B;2299;287516;292465;1,918;7,622;0,576;0,305
201311;LFSB;MC;I;C;57;103;15231;0,123;0,662;0,020;0,019
201311;LFSB;CC;M;A;405;18919;18925;0,117;0,386;0,177;0,019
201311;LFSB;CC;M;B;83;6160;6163;0,058;0,208;0,025;0,009
201311;LFSB;CC;M;C;65;0;8731;0,098;0,720;0,003;0,016
201311;LFSB;CC;M;A;176;2098;2098;0,034;0,111;0,040;0,005
201311;LFSB;CC;M;B;176;23953;23953;0,159;0,620;0,060;0,025
201312;LFBD;LC;I;B;8;1007;1007;0,008;0,034;0,001;0,001
201312;LFBD;LC;I;C;5;1638;1638;0,012;0,072;0,003;0,002
201312;LFBD;MC;I;A;119;4298;4385;0,045;0,156;0,015;0,007
201312;LFBD;MC;I;B;831;93535;93941;0,731;3,013;0,172;0,116
201312;LFBD;CC;M;B;982;134769;139564;1,074;5,685;0,222;0,170
201312;LFBD;CC;M;C;5;1231;1231;0,017;0,117;0,005;0,003
201312;LFBD;CC;M;A;620;23088;23090;0,235;0,796;0,050;0,037
201312;LFBD;CC;M;B;882;85666;87153;0,701;2,776;0,129;0,111
201312;LFBD;CC;M;C;53;0;3558;0,096;0,521;0,049;0,015
201312;LFBO;LC;I;A;3;19;19;0,001;0,004;0,000;0,000
201312;LFBO;LC;I;B;8;1421;1421;0,010;0,052;0,001;0,002
201312;LFBO;LC;I;C;1;0;130;0,005;0,017;0,007;0,001
201312;LFBO;MC;I;A;665;26194;26577;0,219;0,706;0,084;0,035
201312;LFBO;MC;I;B;1736;168767;170300;1,364;5,360;0,456;0,217
201312;LFBO;MC;I;C;128;2207;21269;0,286;1,491;0,172;0,045
201312;LFBO;CC;M;A;35;8;782;0,008;0,020;0,017;0,001
201312;LFBO;CC;M;B;2212;286465;294835;2,197;9,826;0,628;0,349
201312;LFBO;CC;M;C;2;0;117;0,005;0,039;0,002;0,001
201312;LFBO;CC;M;A;775;28324;28328;0,245;0,759;0,191;0,039
201312;LFBO;CC;M;B;742;77381;77417;0,619;2,537;0,233;0,098
201312;LFBO;CC;M;C;92;0;11814;0,158;0,784;0,106;0,025
201312;LFLL;LC;I;B;3;483;483;0,003;0,015;0,000;0,001
201312;LFLL;LC;I;C;51;8807;15002;0,248;1,460;0,016;0,039
201312;LFLL;MC;I;A;1337;58663;60417;0,466;1,458;0,124;0,074
201312;LFLL;MC;I;B;2747;287600;290394;2,467;9,616;0,693;0,392
201312;LFLL;MC;I;C;126;4867;23917;0,251;1,202;0,126;0,040
201312;LFLL;CC;M;A;27;149;618;0,009;0,023;0,014;0,001
201312;LFLL;CC;M;B;572;56857;59940;0,510;2,278;0,133;0,081
201312;LFLL;CC;M;C;4;107;134;0,009;0,052;0,002;0,001
201312;LFLL;CC;M;A;1738;63435;63499;0,728;2,304;0,344;0,115
201312;LFLL;CC;M;B;1602;141766;141995;1,219;4,516;0,295;0,194
201312;LFLL;CC;M;C;64;225;4530;0,129;0,735;0,073;0,021
201312;LFML;LC;I;A;5;31;31;0,002;0,005;0,001;0,000
201312;LFML;LC;I;B;15;1343;1343;0,018;0,070;0,003;0,003
201312;LFML;LC;I;C;11;2288;2470;0,035;0,228;0,009;0,006
201312;LFML;MC;I;A;794;27539;30991;0,254;0,781;0,189;0,040
201312;LFML;MC;I;B;2450;254781;257414;2,417;9,840;0,563;0,384
201312;LFML;MC;I;C;120;334;14032;0,236;1,161;0,092;0,037
201312;LFML;LC;O;C;16;4987;4999;0,048;0,273;0,006;0,008
201312;LFML;CC;M;A;45;6;1770;0,014;0,045;0,028;0,002
201312;LFML;CC;M;B;1260;139198;145088;1,214;4,765;0,484;0,193
201312;LFML;CC;M;C;51;1340;8105;0,107;0,648;0,007;0,017
201312;LFML;CC;M;A;914;23971;25789;0,241;0,729;0,383;0,038
201312;LFML;CC;M;B;1246;116429;124924;1,217;4,863;0,360;0,193
201312;LFML;CC;M;C;73;0;505;0,128;0,663;0,070;0,020
201312;LFMN;LC;I;A;23;100;100;0,010;0,033;0,002;0,002
201312;LFMN;LC;I;C;97;21985;30439;0,322;2,122;0,055;0,051
201312;LFMN;MC;I;A;2107;23540;23611;0,356;0,890;1,232;0,056
201312;LFMN;MC;I;B;2868;293673;294537;2,310;9,250;0,674;0,367
201312;LFMN;MC;I;C;5;346;456;0,009;0,055;0,002;0,001
201312;LFMN;LC;O;C;1;0;0;0,003;0,007;0,001;0,001
201312;LFMN;CC;M;A;33;0;727;0,007;0,021;0,012;0,001
201312;LFMN;CC;M;B;1840;233566;236220;1,755;7,278;0,498;0,279
201312;LFMN;CC;M;A;1308;37257;37365;0,336;1,066;0,553;0,053
201312;LFMN;CC;M;B;651;74676;74676;0,585;2,410;0,178;0,093
201312;LFMN;CC;M;C;29;0;1313;0,046;0,284;0,007;0,007
201312;LFOB;MC;I;A;20;750;750;0,004;0,007;0,009;0,001
201312;LFOB;MC;I;B;1987;286192;286192;2,197;9,224;0,350;0,349
201312;LFOB;CC;M;B;24;3389;3389;0,029;0,127;0,005;0,005
201312;LFPG;LC;I;A;3;5;5;0,002;0,007;0,000;0,000
201312;LFPG;LC;I;B;143;13177;13969;0,195;0,729;0,066;0,031
201312;LFPG;LC;I;C;7905;1871458;3058090;33,951;202,542;16,396;5,389
201312;LFPG;MC;I;A;4203;216433;232697;1,764;5,041;0,795;0,280
201312;LFPG;MC;I;B;18244;2089918;2181692;20,280;76,749;9,032;3,219
201312;LFPG;MC;I;C;1608;139637;525374;4,946;26,066;2,108;0,785
201312;LFPG;LC;O;C;160;56217;78051;0,714;4,873;0,340;0,113
201312;LFPG;CC;M;A;766;28454;41603;0,340;0,966;0,442;0,054
201312;LFPG;CC;M;B;3620;395150;467014;4,119;15,875;1,798;0,654
201312;LFPG;CC;M;C;160;3517;28735;0,366;1,968;0,103;0,058
201312;LFPO;LC;I;B;59;7936;7961;0,070;0,265;0,012;0,011
201312;LFPO;LC;I;C;351;72889;86841;0,943;4,891;0,188;0,150
201312;LFPO;MC;I;A;425;15856;15856;0,106;0,219;0,180;0,017
201312;LFPO;MC;I;B;7176;900967;918225;7,632;32,245;2,001;1,211
201312;LFPO;MC;I;C;169;34351;47382;0,515;2,903;0,474;0,082
201312;LFPO;LC;O;C;793;289370;345446;3,054;19,231;0,886;0,485
201312;LFPO;CC;M;A;2146;84761;84778;0,699;2,168;0,712;0,111
201312;LFPO;CC;M;B;6933;834271;836307;6,738;28,354;1,904;1,069
201312;LFPO;CC;M;C;1;76;76;0,005;0,030;0,001;0,001
201312;LFRS;LC;I;B;20;2715;2715;0,026;0,130;0,003;0,004
201312;LFRS;LC;I;C;2;615;615;0,009;0,060;0,001;0,001
201312;LFRS;MC;I;A;467;19577;19577;0,182;0,587;0,068;0,029
201312;LFRS;MC;I;B;712;76855;78653;0,703;3,058;0,146;0,112
201312;LFRS;MC;I;C;43;0;5061;0,078;0,404;0,020;0,012
201312;LFRS;CC;M;A;182;7186;7187;0,040;0,070;0,069;0,006
201312;LFRS;CC;M;B;260;30286;30312;0,242;1,235;0,076;0,038
201312;LFRS;CC;M;C;2;260;260;0,002;0,010;0,000;0,000
201312;LFRS;CC;M;A;579;22115;22115;0,228;0,752;0,071;0,036
201312;LFRS;CC;M;B;1093;104122;104728;0,868;3,454;0,174;0,138
201312;LFRS;CC;M;C;10;0;11;0,016;0,088;0,003;0,003
201312;LFSB;LC;I;A;5;13;13;0,001;0,003;0,000;0,000
201312;LFSB;LC;I;B;10;1543;1543;0,011;0,060;0,002;0,002
201312;LFSB;LC;I;C;6;0;3703;0,042;0,307;0,035;0,007
201312;LFSB;MC;I;A;1575;57005;60675;0,382;1,142;0,196;0,061
201312;LFSB;MC;I;B;2335;297014;302741;1,984;8,006;0,625;0,315
201312;LFSB;MC;I;C;58;176;13682;0,126;0,660;0,028;0,020
201312;LFSB;CC;M;A;404;19348;19434;0,116;0,386;0,168;0,018
201312;LFSB;CC;M;B;87;6692;6694;0,056;0,204;0,024;0,009
201312;LFSB;CC;M;C;59;0;7656;0,092;0,673;0,004;0,015
201312;LFSB;CC;M;A;140;1575;1575;0,027;0,090;0,022;0,004
201312;LFSB;CC;M;B;193;26952;26952;0,176;0,706;0,071;0,028
